featureid	agriculture	elevation	forest	impervious	slope_pcnt	water
201473434	0	911.689	98.9011	0	15.6427	0
201473435	0	896.598	100	0	16.2625	0
201473448	0	797.843	98.5	0	9.26896	0
201473449	0	750	100	0	14.2791	0
201473554	0	784.694	100	0	11.0342	0
201473555	0	874.349	99.6207	0	15.732	0
201473682	0	737.638	100	0	15.3097	0
201473683	0	774.532	99.6209	0	13.9788	0
201473794	0	803.793	100	0	13.5846	0
201473795	0	786.476	99.389	0	8.9741	0
201473805	0	718.5	100	0.142857	9.05266	0
201473806	0	837.5	98.8316	0	12.6983	0
201473815	0	777.95	94.4584	0.0982368	14.499	0
201473826	0	847.368	96.844	0.0595131	12.3043	0
201473846	0	731.263	94.4862	0.0889724	9.23277	1.83793
201473847	0	779.602	98.3333	0.121717	14.8853	0
201473895	0	725.099	98.8825	0.0543353	8.63696	0
201473896	0	691.872	92.3014	0.207207	9.06889	0
201474006	0	715.929	97.9718	0.0536267	11.4115	0
201474007	0	674.984	97.8697	0.0626566	7.07481	0
201474093	0	676.966	98.2933	0.0100853	7.82369	0
201474113	0	772.028	97.9779	0	11.1719	0
201474114	0	678.493	96.3255	0	9.34728	0
201474132	0	699.047	96.1851	0	10.3302	0.405844
201474168	0	691.195	81.6267	0.021711	10.3652	15.7485
201474169	0	683.606	97.9287	0.00538525	6.53511	1.07705
201474179	0	680.12	87.3677	0	8.92457	10.9386
201474184	0	696.043	84.7439	0	8.399	2.00445
201474332	0	771.388	99.4801	0	15.1934	0.123793
201474333	0	697.381	99.3859	0	8.58143	0
201474375	0	665.047	50.1038	0	5.9139	46.9896
201474376	0	657.275	41.1148	0	4.92804	56.2623
201474387	0	649	0	0	0	100
201474400	0	775.055	100	0	16.9846	0
201474401	0	691.995	99.0525	0	7.56063	0
201474407	0	658.106	26.6089	0	3.38901	73.3911
201474424	0	677.593	89.0777	0	6.95199	6.63137
201474430	0	669.954	77.1292	0	9.17175	19.1388
201474437	0	655.98	26.9122	0	5.71288	73.0878
201474438	0	689.942	93.9013	0	8.06383	3.83408
201474460	0	869.903	100	0	19.0616	0
201474466	0	886.175	100	0	21.1708	0
201474531	0	724.762	99.6864	0	13.4794	0.313603
201474532	0	668.857	100	0	10.8792	0
201474583	0	712.119	100	0	20.6228	0
201474584	0	779.265	100	0	22.0357	0
201474587	0	661.299	46.8048	0	7.65902	51.5544
201474588	0	738.008	93.9102	0	14.6601	5.30322
201474641	0	808.26	100	0	16.5656	0
201474642	0	737.673	99.0759	0	11.3088	0.0660066
201474653	0	729.27	88.856	0.971572	16.6262	0
201474654	0	759.611	99.9326	0.0161834	22.1986	0
201474695	0	680.174	83.2697	0	7.52985	15.2672
201474696	0	685.826	57.8947	0	9.14416	41.3534
201474705	0	673.596	100	0	14.2367	0
201474706	0	745.187	100	0	21.407	0
201474720	0	783.931	98.6542	0	15.2629	0
201474721	0	683.752	98.2993	0	7.15189	0.85034
201474728	0	691.722	87.5288	0	11.236	11.5969
201474729	0	649	0	0	0	100
201474778	0	669.022	99.2579	0	8.33286	0
201474779	0	678.413	99.1577	0	7.92604	0.0765697
201474795	0	650.03	11.8644	0	1.56549	85.1695
201474796	0	705.76	78.3413	0	12.2549	21.2411
201474806	0.957069	745.742	86.9292	1.15669	20.0126	0
201474807	2.44948	716.102	85.5481	2.1831	13.9464	0
201474819	0	657.86	99.0609	0	9.5332	0
201474820	0	673.338	96.4695	0.0344086	7.57938	0
201474849	0	628.41	96.6957	0.0486957	12.5865	0
201474850	5.08075	688.801	88.459	0.410161	14.8606	0
201474860	0	795.248	99.57	0	16.263	0
201474861	0	648.599	100	0	13.6062	0
201474868	0	707.593	87.2711	0.00174368	11.7685	9.93897
201474869	0	651.546	13.9286	0	2.38696	86.0714
201474870	0	797.163	86.1524	0	21.2882	5.46239
201474901	0	636.478	100	0	8.27889	0
201474902	0	671.638	96.11	0.0234742	9.72314	0
201474908	0	863.432	100	0	17.7392	0
201474918	0	639.447	62.9808	0.288462	10.6552	19.7115
201474922	0	642.743	95.4717	0	10.4957	1.13208
201474926	0	732.06	99.4723	0	16.4128	0
201474932	0	666.941	95.6103	0.120985	11.7275	0.856531
201474933	0	618.786	96.4286	0	7.5085	3.57143
201474942	0	672.527	97.8258	0.087977	15.5336	0.230382
201474943	0	610.663	95.2222	0.187778	15.1389	0
201474954	0	697.284	98.2451	0	10.62	0.215517
201474966	0	616.952	98.4127	0	6.21507	1.5873
201474969	0	727.813	100	0	11.2376	0
201474980	0	897.979	100	0	21.5462	0
201474988	0	641.614	98.895	0	6.09495	0
201474989	0	637.806	93.7173	0.0628272	13.0353	0
201475007	0	827.032	100	0	18.9909	0
201475020	4.44975	636.547	85.2833	1.85544	19.2922	0
201475023	0	964.192	100	0	23.1748	0
201475035	0	623.604	97.0414	0	9.14881	0
201475045	0	891.427	100	0	21.5056	0
201475047	0.582242	581.303	94.4687	0.136827	20.7185	0
201475048	0	641.996	98.6822	0	16.8825	0
201475058	0	750.365	99.382	0	17.2103	0
201475063	1.52937	675.973	96.4894	0.0486618	10.9613	0
201475064	0	646.394	97.6818	0.0200211	10.9577	0.316122
201475065	3.68844	665.391	64.2253	6.37402	14.5355	0.454449
201475117	0	621.667	95.7193	0.0512281	10.5281	0.350877
201475118	0	630.052	95.3069	0.204332	9.97642	0
201475230	1.77532	633.914	94.936	0.16007	11.7575	0
201475272	13.3721	536.891	80.407	0.544186	15.4523	2.26744
201475273	5.48261	620.259	87.225	0.798084	14.9724	0
201475298	0.448029	588.411	92.6075	0.272849	7.86342	0.672043
201475299	0.262697	580.35	47.2855	4.2014	6.398	0.788091
201475316	0	683.323	99.2919	0	14.7111	0
201475317	6.12115	568.555	70.3616	4.51729	15.5866	0
201475318	48.2558	501.227	43.0233	0.587209	10.6891	0
201475323	0	568.417	100	0	10.5335	0
201475324	0	827.769	100	0	26.5075	0
201475329	0	630.199	98.0421	0	18.0511	0.0292227
201475330	0	597.081	95.186	0	18.1443	4.814
201475331	1.04662	800.833	96.4795	0.114313	22.4598	0.0135925
201475339	51.0417	489.823	26.0417	2.80208	7.58497	0
201475340	5.93939	593.275	89.7576	0.338788	10.5783	0.30303
201475364	0	626.282	96.4666	0.263465	16.9718	1.06346
201475366	0	625.587	99.2651	0	10.8385	0.169587
201475367	4.43139	766.961	78.7507	0.302723	23.7628	0
201475373	0	632.545	98.6919	0	7.57626	0
201475375	0	691.764	97.8001	0	12.6566	0
201475418	0	759.208	98.9044	0	14.0795	0.195956
201475422	6.66667	553.51	69.1852	3.57778	10.8274	0.740741
201475434	1.90779	555.03	95.3895	0.418919	6.69715	0
201475435	13.561	510.474	63.122	4.24	10.2163	0
201475441	21.9917	539.988	70.5394	1.46058	12.1734	0
201475442	55.5556	516.022	44.4444	0	6.01417	0
201475445	14.0598	564.472	72.3077	1.47009	9.30772	0
201475446	3.68421	489.205	53.6842	6.78947	9.27381	0
201475451	0	812.577	100	0	28.3263	0
201475452	0	815.818	100	0	29.1193	0
201475453	0	635.413	99.7104	0	19.6949	0
201475454	0	551.857	57.1429	0	2.22247	42.8571
201475455	0	554	83.3333	0	6.14777	16.6667
201475462	0	729.411	98.0538	0	14.374	0.128041
201475473	9.75369	578.979	68.1773	1.55369	9.88177	0
201475486	3	513.507	90	1.21222	11.1733	0
201475487	13.1563	556.864	83.3848	0.260655	8.8652	0
201475490	0	791.878	99.9429	0	27.7843	0.0570776
201475512	0	621.943	91.791	0	7.43033	0
201475513	0	617.377	96.5184	0.0612508	15.3811	0
201475514	3.66119	611.374	92.7964	0.238472	8.65448	0
201475563	0	618.137	93.8946	0.176716	21.339	0
201475564	0.105625	697.053	92.5535	0.389226	20.9296	0
201475578	15.6656	549.463	73.913	1.01726	11.8918	0
201475579	11.9752	512.071	70.4061	2.6552	14.8757	0
201475585	43.6709	558.699	48.4177	0.921941	12.4082	0
201475589	21.894	554.071	69.5917	0.892702	12.27	0
201475615	4.06912	588.783	93.3668	0.122631	14.3455	0
201475618	0	599.975	95.1852	0.218056	13.1757	0.277778
201475621	2.82353	590.044	91.7647	0.142353	14.526	0
201475622	0	609.079	99.8503	0	25.9353	0.149701
201475629	0	592.604	93.7695	0.296989	19.1965	0.623053
201475650	0	626.625	100	0	10.8865	0
201475651	0	638.742	99.6448	0	13.635	0
201475655	0	633.187	98.939	0.0698497	15.0344	0.176835
201475666	0	602.359	98.832	0.0269542	14.5459	0
201475690	0	666.67	99.4366	0	15.2541	0
201475692	0	596.627	87.6953	0.246094	31.2705	6.44531
201475702	0	725.805	99.5238	0	22.9698	0.47619
201475709	0	727.403	98.5507	0	15.0139	0.241546
201475721	0	639.329	97.7577	0	7.19542	0
201475740	0	624.127	100	0	5.18519	0
201475751	0	762.821	96.4581	0	13.0097	2.29991
201475763	33.193	560.218	62.1754	0.406316	10.7014	0
201475764	25.865	526.603	63.7266	2.16648	11.581	0
201475795	0	635.821	99.493	0	13.6292	0
201475819	0	690.992	93.2564	1.13398	14.2772	0
201475825	3.30891	612.472	80.1938	1.80005	13.4144	0
201475828	3.05305	749.802	91.6667	0.263263	19.2056	3.5035
201475835	1.00231	587.16	83.192	0.25983	28.1009	7.7872
201475843	0	708.008	91.0741	0.913767	12.6915	0.378215
201475844	0.251046	587.586	73.6681	0.821199	13.3828	15.9554
201475851	0.0881057	672.484	83.7004	2.96079	19.0599	0
201475870	0	710.858	96.1496	0.193256	11.1714	0.318823
201475877	21.1982	503.347	69.5084	1.13748	17.9518	0
201475878	34.664	556.953	54.8676	1.48106	12.5532	0
201475895	4.39093	569.681	78.4703	2.90935	18.5935	0
201475896	0	694.187	98.1649	0.00151123	23.4805	0.237478
201475897	0	654.719	98.7523	0	16.2591	0
201475927	0	647.153	86.6564	2.3934	15.955	0
201475935	6.20229	536.946	93.7977	0	10.0887	0
201475936	14.5306	520.904	79.6735	0.622857	10.1472	0
201475941	0	678.095	97.881	0.38159	11.2646	0
201475959	16.386	532.815	77.5088	1.36526	9.88114	0.0350877
201475961	0	666.555	85.2691	3.09632	9.19868	0
201475970	0	554.775	87.4595	1.92757	21.8129	0
201475971	29.4058	509.112	48.6908	5.93102	12.7392	0
201475972	7.64967	491.122	52.3282	11.8902	14.3991	0
201475973	3.56551	554.803	91.7081	0.310116	13.4808	0
201475980	0	508.951	96.2791	0.57907	11.4393	0
201475983	0	555.548	95.5414	1.15924	21.432	0
201476002	10.68	511.882	71.0471	5.83813	14.5947	0
201476008	18.6528	500.927	56.4767	6.32643	16.061	0
201476011	1.48662	579.4	95.9366	0.515362	17.2645	0.297324
201476012	5.37691	510.37	72.1666	2.58197	13.3858	6.27306
201476024	0.748596	521.729	88.6775	0.0701809	9.59785	9.9189
201476030	0	509.848	99.393	0	12.1201	0.60698
201476031	0	497.732	99.9322	0.00237288	18.1788	0
201476033	5.84989	520.577	78.0353	3.38521	18.8232	0
201476034	9.74773	577.652	81.7046	0.40338	11.6138	0.146951
201476042	0.53205	614.417	98.7332	0.131746	18.2821	0
201476048	2.77778	520.139	97.2222	0.0277778	21.1769	0
201476053	6.23974	490.765	65.1888	4.13465	18.8017	1.47783
201476054	3.14136	464.183	31.4136	4.01047	12.0076	7.32984
201476057	0	483.638	46.8635	0.800738	10.2439	47.2325
201476058	0	463.929	37.3626	0.43956	6.37506	60.4396
201476060	3.90711	594.385	81.4412	1.99816	14.5414	0
201476067	0.884956	503.799	61.9469	6.23894	22.8513	0
201476069	0	590.785	87.7249	2.07677	29.0988	0
201476086	17.6471	549	72.6842	1.71941	13.5756	0
201476089	0	700.827	92.4537	0.837963	9.41059	0.231481
201476090	1.43186	735.796	90.5139	0.271286	15.4	0
201476107	0.764951	512.088	97.5429	0.109179	12.1764	0
201476108	14.0886	502.859	79.931	0.385279	12.348	0
201476129	14.0449	523.539	68.8202	0.558989	17.1703	10.3933
201476131	0	558.274	93.9024	0	16.916	1.14778
201476132	0	718.386	91.9979	0.559885	8.67496	2.78106
201476133	2.52153	591.605	93.9729	0.281673	24.8858	0
201476134	0	452.311	93.8976	0.259843	20.3172	0
201476141	2.04741	565.137	97.7371	0	14.5952	0.215517
201476142	0	474.785	100	0	10.6963	0
201476151	0.586643	682.101	93.4567	0.527978	20.7183	0
201476152	1.87793	530.587	84.0376	1.1831	18.7433	8.4507
201476171	0	606.743	96.9654	0.307729	19.2285	0
201476177	0	781.598	95.8073	0.405888	18.9266	0
201476185	2.86552	564.789	89.6125	0.759687	12.9347	0
201476195	3.46256	495.362	64.2498	0.176088	13.8266	27.3454
201476197	6.64828	565.764	91.6138	0.0433103	13.9064	0
201476199	11.163	524.275	80.8968	0.367118	12.2968	4.43718
201476205	0	732.6	87.2848	0.45872	12.1169	0.551876
201476211	2.18801	587.458	97.2447	0	16.8656	0.567261
201476217	0.893427	772.893	92.023	0.49649	27.7672	0
201476218	0.28626	462.934	98.5051	0.0397583	20.2834	0
201476228	0	640.365	98.6286	0.0213933	25.8312	0
201476231	0	469.159	94.8529	0.251471	13.0771	0
201476232	7.50348	540.979	81.9812	0.946901	14.9518	0.121866
201476241	6.82426	411.615	88.2694	0.255129	20.1575	0
201476265	0	775.977	100	0	21.6131	0
201476294	2.29102	475.849	92.549	0.798555	13.5762	0
201476296	1.8741	450.048	93.9933	0.155694	16.1044	0
201476302	0	512.504	95.8874	0.183261	12.3343	0
201476305	0	411.909	93.3333	0.6	25.5501	0
201476307	0	437.943	95.3745	0.226872	19.8112	0
201476311	16.0245	555.951	70.4904	2.07443	10.3126	0
201476312	1.53931	565.567	96.4266	0.0604728	13.7229	0
201476315	2.12766	480.879	52.5589	0	10.352	42.6107
201476319	0	542.023	88.3729	0	16.6761	7.25834
201476321	6.64137	443.842	88.0455	0.656546	13.0701	0
201476326	4.39277	461.438	90.9561	0.37261	15.056	0
201476332	5.92532	459.495	92.289	0.111201	15.8232	0
201476337	0	434.512	95.3488	0.612403	28.4783	0
201476348	7.22063	471.702	90.2006	0.131805	15.6157	0
201476349	0	784.018	99.7793	0	18.3999	0
201476356	0	377.16	91.6244	0.324873	26.1238	0
201476357	19.5017	320.587	75.1827	0.81196	21.0578	0
201476373	3.47163	354.557	96.2743	0.0220152	21.9225	0
201476374	13.0137	288.349	80.6849	0.69863	22.1412	0
201476378	5.6338	521.896	77.1831	1.55775	14.3116	0
201476379	15.4143	555.855	78.7091	0.439306	12.7212	0
201476384	0	694.982	97.1648	0.024808	11.658	0
201476385	0	715.521	99.596	0	8.52061	0
201476386	0	425.531	96.1003	0.179666	23.8282	0
201476387	2.97578	363.48	92.0415	0.414879	22.0812	0
201476388	0	784.244	98.4071	0	11.827	0.707965
201476389	0.16225	779.142	95.3488	0.23364	23.0773	0
201476390	6.20083	471.012	41.6474	0.0138825	8.79404	49.9769
201476391	5.41586	499.867	81.4313	0.0618956	13.6598	10.058
201476392	0	483.791	98.209	0	16.2666	0
201476393	0	482.358	98.1886	0.0618364	16.1701	0
201476400	0	672.617	100	0	15.7617	0
201476404	0.576218	560.058	94.5521	0.272394	14.7187	0.419068
201476405	12.675	558.321	79.5332	0.349372	10.3653	0
201476406	0	454	0	0	0	100
201476407	3.61991	460.005	21.267	0	6.22457	61.086
201476408	17.8801	521.12	72.2163	0.33833	11.8191	1.07066
201476414	0	599.13	99.1384	0	18.5444	0
201476415	0	503.08	80	0	10.7673	0
201476416	0	603.752	96.3636	0	19.4839	0
201476420	0	648.366	100	0	8.49018	0
201476423	0	699.902	99.9549	0	15.6724	0
201476424	0	492.226	39.6226	0	1.00386	5.66038
201476426	5.28762	505.254	89.8605	0.200174	8.07854	0
201476427	0.840336	476.151	95.4523	0.243203	14.1839	0
201476432	2.68657	549.977	96.7662	0.0263682	10.2455	0
201476433	9.07572	557.845	81.7929	0.550111	16.4385	0
201476440	0	699.525	97.8803	0	11.0594	0.249377
201476441	0	506.447	92.6439	0.0394456	16.2754	5.22388
201476442	22.6384	496.344	63.355	1.28502	11.9362	0
201476443	12.8495	522.728	80.1309	0.505057	6.6426	0
201476446	0	491.949	89.7436	1	17.0695	0
201476450	0	662.112	98.6842	0	11.7483	0
201476451	0	710.323	99.9318	0	9.10751	0
201476461	0	513.376	91.8967	0	13.3613	5.87711
201476462	0	508.746	89.3905	0	12.0421	7.78781
201476485	2.06677	530.217	89.0302	1.8593	18.7941	0
201476498	0	651.696	99.6165	0	17.9709	0
201476513	0	728.031	98.1345	0	10.8913	0.941297
201476514	0	712.122	98.1061	0	10.2929	0
201476520	0	473.074	50.7605	0	7.26421	43.1559
201476521	1.8457	481.862	61.794	0.0332226	10.6438	31.9675
201476526	0	567.57	94.967	0.305281	13.2739	0
201476528	5.89983	495.817	91.8506	0.140917	9.44749	0
201476529	0	457.51	96.6346	0.296016	14.8533	0
201476543	0	495.818	96.8136	0.0467797	10.0141	1.08475
201476550	0	505.234	95.6495	0.023565	10.8573	3.32326
201476555	0	493.646	60.678	0	11.5108	36.4407
201476564	15.3639	490.906	76.7296	1.05391	10.4451	0
201476565	10.3286	489.571	77.8404	0.41784	7.95893	7.23005
201476578	0	659.683	99.4746	0	11.3791	0
201476579	0	523.069	95.9835	0.119464	14.0651	1.64779
201476588	47.4178	463.634	28.169	4.55399	8.89405	0
201476589	15.3265	508.054	80.68	0.488397	7.09353	0
201476593	0	633.849	93.7221	0	18.1903	3.63289
201476603	0	662.749	99.7217	0	8.52354	0
201476605	2.86382	444.31	91.993	0.22443	15.7019	0
201476606	1.73319	449.743	95.2206	0.156513	15.2768	0
201476612	9.5283	440.847	83.1132	1.08396	11.8897	0
201476613	0	366.5	70	3.3	7.73513	0
201476619	0	704.583	100	0	18.8791	0
201476622	0	740.872	99.5263	0	18.814	0
201476625	0	633.864	94.6792	0	10.7894	0.938967
201476626	5.76923	515.273	90.4533	0.354396	7.84888	0
201476636	0	623.495	97.9381	0	17.7174	0
201476637	0	647.787	98.1881	0	13.0474	0.819672
201476640	0	708.711	100	0	14.4806	0
201476641	0	734.14	100	0	20.6454	0
201476645	0.750355	405.736	96.8566	0.0636788	18.8034	1.29791
201476652	6.87966	284.852	89.5421	0.407668	22.2584	0
201476653	7.68859	321.484	89.7969	0.121857	23.5999	0
201476661	0	727.437	96.5837	0	11.0289	0.417375
201476662	0	483.882	44.403	0	14.4159	55.1306
201476663	3.39772	531.202	88.3872	0.175937	10.1041	4.09588
201476683	2.57235	442.616	95.7878	0.107395	16.2406	0
201476686	1.05973	655.454	93.8102	0.566715	16.1824	0
201476687	13.8095	558.548	62.381	1.57619	10.2621	0
201476700	6.673	524.828	84.5627	1.42053	11.1472	0.874525
201476701	5.14706	486.463	80.9641	1.62663	16.6639	3.26797
201476726	0	571.886	88.5787	1.3731	10.1337	0
201476727	0	550.979	75	1.3125	6.10028	10.4167
201476732	0	619.295	82.851	0.0503751	21.4743	0
201476733	0.881954	616.472	98.1004	0.244912	11.5547	0
201476736	12.9496	438.158	66.9065	7.61871	21.2654	0
201476741	0	568.882	100	0	19.0937	0
201476743	1.81715	595.425	85.9171	0.969903	14.6705	0
201476744	0	680.488	94.5652	0	10.0473	3.26087
201476753	0	693.063	89.5436	0	14.5298	0.354453
201476762	13.4098	414.173	79.4191	1.24704	15.8322	0
201476763	2.8169	439.246	93.6078	0.542795	18.3387	0
201476768	7.66629	543.71	89.4025	0.522548	7.92989	0
201476769	22.8797	475.162	63.3136	3.96055	18.2258	0
201476778	0	575.038	86.7933	0.0375396	22.7196	8.14111
201476779	0	482.388	54.6385	0	12.0807	44.6577
201476781	0	760.777	92.6544	0	15.8216	0.495719
201476782	0	683.331	88.8103	0.126493	11.5963	0
201476804	0.060423	595.212	91.9637	1.92085	22.7777	1.08761
201476805	0	631.361	99.3521	0.11951	19.0657	0
201476810	5.71604	281.498	89.3669	0.267978	27.5061	0
201476813	0.0732332	298.563	94.8371	0.3171	26.1839	0
201476816	7.94574	459.36	82.2997	1.72351	27.1333	0
201476819	19.9524	555.91	70.4879	1.28877	10.5131	0
201476841	0	461.778	98.2733	0.0596941	16.8305	0
201476847	1.4631	460.435	96.4377	0.136132	14.058	0
201476852	0	694.842	99.6505	0	13.9973	0
201476859	1.67516	684.734	93.2265	0.248361	18.6282	0
201476860	0	676.488	100	0.000995025	17.7866	0
201476861	0	482.308	35.5469	0.0634766	15.7295	60.0586
201476871	8.9701	449.542	88.0399	0.438538	31.6763	0
201476874	12.3484	522.49	84.1235	0.151047	12.9664	0
201476879	0	613.356	94.6783	1.05719	19.5528	0
201476880	0	674.635	98.3236	0.0607712	19.3852	0.628667
201476885	14.6749	455.794	77.0279	1.25449	20.1859	0
201476886	14.2412	499.431	82.6719	0.28716	11.8156	0
201476890	0	772.513	78.5313	0	20.2922	2.99738
201476891	3.38895	499.871	66.9969	0.277894	15.4203	26.2774
201476892	2.67296	520.777	90.7757	0.13522	10.0091	1.36268
201476900	0	528.829	95.3876	0.235525	13.9838	0
201476901	0	541.286	95.0909	0.301818	10.888	0
201476905	0	457.296	11.1111	0.37037	3.27848	85.1852
201476909	9.28839	557.423	84.4944	0.458427	8.80106	1.7603
201476910	14.6975	569.624	77.5607	0.868509	8.72832	0
201476916	5.80144	385.978	89.2943	0.617225	18.6464	0
201476917	2.14465	462.093	90.6685	0.42277	11.9779	0.54757
201476932	1.6608	357.672	98.0372	0	22.2655	0
201476933	0	323.286	98.167	0.0193483	19.9375	0
201476938	5.76087	481.827	51.3043	0.640217	19.6342	35.7609
201476941	19.9436	506.718	47.0754	3.03171	7.87728	19.098
201476942	50.7463	535.851	15.6716	3.50373	7.18002	15.6716
201476953	0	546.816	98.7666	0.0901328	15.3789	0
201476954	0	626.914	93.4251	1.23547	21.0418	0
201476962	2.74451	562.378	95.1098	0.120758	18.8172	0
201476964	0	448.629	94.012	0	31.0812	0
201476974	8.13896	419.24	83.4243	1.06501	18.3253	0
201476985	12.0918	385.099	78.376	0.762577	18.9225	0
201476991	11.4212	560.031	82.5323	0.459432	14.5634	0
201476992	0	485.888	95.7108	0	20.8018	0
201476995	0	566.609	94.2616	1.61603	25.2473	0
201476996	0	594.097	97.6923	0.12967	16.7547	0
201476997	9.16201	549.789	58.5475	0.760894	7.41914	27.1508
201477003	0	702.315	94.1835	0.120207	12.0517	0
201477004	24.32	377.563	66.24	1.2384	18.3973	0
201477005	7.69957	437.854	87.8838	0.380019	12.9478	0.236183
201477009	6.5625	571.697	76.1458	1.62812	10.8989	4.6875
201477013	11.4809	559.842	84.7939	0.309771	12.9762	0
201477014	0	267.282	100	0.0185547	26.2669	0
201477015	0	277.491	97.4977	0.183399	26.5997	0
201477023	0	369.293	93.5302	1.24895	21.2725	0
201477033	5.59441	349.895	94.4056	0	13.9669	0
201477034	9.05218	369.355	83.3866	1.44675	18.1	0
201477037	0	520.169	90.0217	3.2603	21.7072	0
201477038	0.323494	620.843	95.9159	0.158916	13.913	0.485241
201477039	8.88889	380.156	91.1111	0.0333333	21.0013	0
201477069	14.2523	465.431	81.3084	0.584891	8.72637	0
201477070	3.80795	398.045	96.0265	0.044702	18.8617	0
201477071	2.0141	335.958	97.9859	0	15.4027	0
201477081	20.8049	512.208	73.1241	0.770123	10.8208	0
201477092	5.39095	554.868	81.2346	0.458848	10.0216	6.54321
201477093	15.7105	362.559	80.165	0.173603	12.9222	0
201477099	9.51821	444.122	85.6639	0.101058	12.2462	0.822562
201477101	2.97008	473.286	93.6356	0.235596	13.9402	0
201477106	7.12144	366.801	85.6822	0.849325	23.217	0
201477107	0	303.933	95.7869	0.109046	22.8193	0
201477108	3.00958	316.93	92.7041	0.106703	17.0465	0.364797
201477111	2.04778	343.845	93.5154	0.34471	26.2297	0
201477118	5.70571	321.973	82.5826	1.82583	29.7002	0
201477126	0	435.804	100	0	17.3051	0
201477129	0	310.785	91.0042	1.39121	27.0373	0
201477130	2.87061	408.207	96.3153	0.0681234	20.5543	0
201477131	1.80045	533.332	93.0983	1.09377	16.7006	0
201477142	0	218.773	92.4419	0.215116	14.3266	0
201477143	0	306.73	100	0	17.5417	0
201477146	6.44437	512.223	78.3264	0.976916	15.4545	3.62296
201477148	0	512.082	100	0	22.9897	0
201477149	3.2881	466.203	92.0146	0.224948	8.87022	0
201477151	17.7449	237.34	76.525	0.524954	17.3642	0
201477169	1.07991	622.201	91.7927	0.24406	11.7413	0
201477170	4.02685	195.987	91.2752	0.483221	19.4399	0
201477171	0	221.09	96.2447	0.143549	20.7764	0
201477173	2.23654	452.789	93.6315	0.168309	13.0236	0
201477174	7.49526	299.563	84.3454	0.592979	16.0571	0
201477181	2.17707	320.258	93.1059	0.854136	20.2911	0
201477182	10.1139	390.994	84.4667	0.219192	16.7008	0
201477185	2.81392	470.086	93.2526	0.14947	12.9035	0
201477193	0	567.078	92.7743	0.0660125	13.9664	0.892061
201477194	0.42735	460.827	96.9428	0.142341	14.7315	0
201477196	0	628.997	89.4283	0.212795	13.7136	3.35753
201477197	9.6124	512.234	84.5736	1.0062	17.6268	0
201477200	0	729.557	99.005	0.00155473	13.3136	0
201477201	5.66449	480.618	92.2502	0.121382	23.9877	0
201477205	0.756859	434.376	88.1741	1.28193	24.4175	0
201477206	0.97561	514.813	90.1219	0.543902	21.284	0
201477208	6.03774	281.113	85.283	1.77925	16.5495	0
201477209	7.52984	328.286	91.0009	0.119376	16.1914	0
201477216	3.88967	475.759	85.8557	3.40523	28.757	0
201477217	3.20629	522.776	87.9008	0.986086	10.9167	0
201477219	2.92615	560.028	91.1751	0.38876	18.3663	0
201477220	20.0814	542.237	72.8177	0.766169	10.6527	0
201477222	14.2857	418.357	60	11.7429	34.6319	0
201477223	0.589971	415.528	58.7021	12.6018	21.6071	0
201477224	8.1607	486.868	82.4859	1.32517	9.0088	0
201477227	0	522.046	100	0	9.96521	0
201477228	4.71063	587.174	84.7241	0.33109	16.8522	7.6716
201477229	15.942	242.601	63.0435	4.49275	21.2473	0
201477232	11.738	530.255	82.267	0.522418	7.85672	0
201477246	0	679.176	98.0792	0	17.7177	0
201477260	7.16612	527.42	86.1156	0.122964	7.85745	4.60098
201477269	0.953516	235.44	93.2062	0.171037	17.8831	0
201477270	3.01348	214.13	91.6733	0.187153	16.2663	0
201477286	0	160.681	76.3889	0.236111	17.4408	0
201477287	17.0641	251.867	76.5276	0.434426	15.0417	0
201477306	0.435161	605.786	96.7798	0.200754	15.9153	0.609225
201477307	7.90785	587.109	87.1731	0.477584	13.5658	0
201477308	11.7318	286.886	83.5449	0.920264	16.6681	0
201477309	2.77264	302.594	93.6691	0.0854898	18.2617	0
201477317	3.03235	600.389	91.3747	0.462264	10.1201	0
201477339	8.96324	405.214	87.1954	0.54399	14.2663	0
201477343	2.00893	276.469	97.247	0.0706845	23.619	0
201477344	5.26316	210.32	85.9175	0.433855	15.8878	0
201477376	10.1719	531.662	86.533	0.191977	15.6861	0
201477377	4.10839	527.953	89.5105	0.16958	8.72871	0
201477385	5.20017	440.711	77.2628	1.20735	28.1883	3.74238
201477386	1.43885	524.738	88.2066	0.213772	13.4509	0.20555
201477387	1.64403	495.093	96.7119	0.0257327	9.02655	0
201477388	0	508.73	94.9886	0.160213	8.45942	0
201477389	18.1274	284.71	73.6527	1.62167	17.2211	0
201477390	0	313.35	98.6239	0.284404	17.6255	0
201477402	0	680.367	88.3041	0.116228	12.032	0.584795
201477403	12.7865	266.283	81.4234	1.0579	21.4811	0
201477419	10.7289	333.123	83.4964	0.778163	18.4171	0
201477425	0	620.441	91.1877	0.229885	8.50928	0.766284
201477426	2.66408	605.537	85.3718	0.376362	14.7084	0.0242189
201477432	7.8125	240.172	87.5	0.197917	13.5847	0
201477435	0	392.649	67.3987	0.554054	22.5067	27.7027
201477436	24.8812	312.419	68.2937	0.744276	15.0428	0
201477449	0	719.726	95.0501	0.0583166	12.8506	0
201477450	1.33734	512.184	87.9367	0.469432	19.0805	0.927948
201477451	13.879	208.776	78.4342	0.955516	18.7019	0
201477454	0	476.591	95.55	0.0629723	9.57879	0
201477455	0	442.649	100	0	20.7536	0
201477456	1.04712	249.082	94.4372	0.169503	19.0653	0
201477459	2.64901	227.089	95.5298	0.0546358	11.9343	0
201477460	4.82361	290.038	91.8287	0.24982	19.7974	0
201477470	29.7222	218.342	53.6111	3.05	15.2291	0
201477471	4.99064	287.759	94.3231	0.0754835	24.8258	0
201477476	0	667.94	94.0931	0.164003	10.6058	0.208478
201477487	4.59168	579.23	92.265	0.348228	12.1956	0
201477488	11.8429	501.051	84.6105	0.178594	10.1652	0
201477504	5.15674	468.208	89.7422	0.27379	12.1537	0
201477505	0	423.994	99.5185	0.011236	20.7848	0
201477506	0	540.31	88.5305	0.273118	17.6991	2.58065
201477507	0	391.467	58.7517	0.0569878	29.5196	35.4138
201477508	22.0339	477.695	77.9661	0	7.5571	0
201477512	4.99124	510.134	85.4641	0.112084	10.4671	0
201477514	6.80628	194.085	84.3979	0.572775	18.2845	0
201477515	7.60028	258.227	90.4996	0.505278	20.4456	0
201477530	0.736498	624.23	97.5177	0.0578287	11.4834	0.136388
201477537	2.91262	480.83	70.3884	1.75243	7.29107	0
201477538	8.55302	520.517	85.0029	0.182777	7.49371	0
201477542	0	260.279	95.3727	0.185604	20.3682	0
201477552	3.70156	280.575	93.6765	0.252747	17.58	0
201477554	1.3089	368.67	47.1204	0.193717	24.9023	48.6911
201477566	14.6933	475.12	78.2521	0.685015	11.1375	0
201477568	6.74054	541.515	87.7193	0.148661	17.1036	0
201477569	0	336.026	10.5263	0.368421	1.88284	86.8421
201477571	7.67663	200.087	84.5788	0.692935	19.2376	0
201477573	10.2382	582.464	79.7811	0.324533	8.77138	0
201477574	8.99225	573.224	77.416	0.903359	9.62666	0
201477575	1.61182	381.362	97.448	0.169913	24.8031	0
201477576	0.59448	520.071	93.0573	0.266454	19.4901	0.997877
201477595	4.14508	416.046	89.9741	0.31658	20.8801	0
201477596	0	315.078	94.2177	0.561224	28.7905	0
201477597	3.9517	317.177	90.5598	0.570801	18.5517	0
201477598	5.8345	439.781	90.6592	0.199158	17.2466	0
201477600	0	494.969	94.2777	0	13.681	0
201477603	3.29489	493.674	90.0055	0.423943	9.15572	0
201477604	11.4754	263.541	80.3279	0.95082	18.689	0
201477610	0.144928	179.068	95.7971	0.342029	22.5786	0
201477622	2.32816	539.533	88.2483	0.230599	11.2571	2.10643
201477623	3.97351	498.533	91.3907	0.331126	8.85304	0
201477624	19.3671	488.684	73.7025	0.758861	12.8782	0
201477625	18.0654	409.946	73.2575	0.674253	19.6082	0
201477626	1.76744	230.721	94.6047	0.176744	16.2294	0
201477641	8.40415	184.035	84.8914	0.268178	25.827	0
201477642	13.5301	239.44	82.9643	0.348708	20.8939	0
201477647	2.46305	413.587	82.7586	2.53202	31.7793	5.3202
201477650	0	467.665	93.3846	0.145385	12.6273	0
201477657	10.2746	335.666	86.3596	0.409655	23.6922	0
201477658	10.3097	401.348	83.6164	0.537263	20.1572	0
201477659	4.97132	180.841	94.2639	0.0325048	19.1695	0
201477665	1.67131	743.304	98.3287	0	16.6899	0
201477666	0	747.598	100	0	15.7813	0
201477680	15.7143	672.507	84.2857	0	14.3419	0
201477681	0.577478	755.13	99.0857	0	16.8282	0
201477682	0	499.445	90.0314	0.551805	24.5236	0.0784929
201477683	1.5674	433.118	92.1282	0.057123	16.3714	0
201477684	22.0833	276.544	72.5	0.7625	16.8396	0
201477685	2.6749	360.19	96.2963	0.178326	19.4814	0
201477686	16.0479	256.074	74.9389	1.38544	16.9407	0.146556
201477687	19.0984	301.512	77.1107	0.433197	16.3051	0.0819672
201477697	5.94059	570.61	83.0891	1.02099	15.3566	0
201477699	0	467.802	86.5221	1.50813	29.4014	0.309837
201477710	3.22768	327.311	94.9113	0.0581564	17.6651	0.261704
201477711	12.5201	267.526	82.1116	1.04566	20.0267	0
201477712	12.2782	466.778	79.496	0.706855	12.7344	0
201477717	4.44178	668.849	90.2281	0.159424	12.4198	0
201477720	12.806	329.208	80.7282	0.641557	18.156	0
201477722	22.2222	192.444	55.5556	1.11111	15.2118	0
201477723	5.03407	258.62	88.7585	1.42619	21.6622	0
201477733	2.48756	644.724	93.6318	0.21592	13.8535	0
201477737	0	573.539	94.3005	0.606218	14.2963	0
201477738	0	623.111	95.7709	0.121586	9.85646	0
201477743	14.2857	258.089	76.602	0.92475	21.5452	0
201477744	16.8642	263.412	77.3707	0.913254	17.2623	0
201477748	0	632.889	94.8292	0.528163	17.1685	0
201477763	2.079	210.79	97.921	0	18.6675	0
201477767	10.3986	330.67	85.8201	0.34473	20.801	0
201477768	14.0625	191.792	68.75	3.59115	19.5487	0
201477769	3.8	305.646	91.1	2.132	16.6695	0
201477772	0	673.611	96.7667	0.271363	17.7892	0
201477773	4.58015	179.461	86.5458	1.39218	24.4413	1.24046
201477778	4.37923	744.294	93.3634	0.0726862	16.6826	0
201477779	6.97802	467.589	83.022	1.08242	8.58168	0
201477780	0.545746	493.54	95.2809	0.223756	9.08879	0.224719
201477781	11.5807	176.049	83.809	0.390505	21.0346	0
201477782	0	585.676	90.4676	0.807554	13.6338	0
201477783	14.6001	166.69	69.8568	3.1453	13.2685	0
201477785	12.1751	112.596	46.238	15.2401	5.37392	0
201477789	2.38234	495.63	90.7612	0.226031	11.9106	3.13771
201477790	3.65385	289.05	81.6346	0.667308	20.6438	0
201477791	0	731.419	95.4914	0.274121	16.065	0
201477804	0.911577	462.875	73.8377	0.119417	12.3467	21.6955
201477814	11.1206	507.044	83.4046	0.43071	8.19589	0
201477818	17.2801	240.656	72.8006	0.74483	21.5504	0
201477822	0	397.911	91.6473	0.642691	37.6332	0
201477830	31.8699	188.862	54.4715	2.30244	19.9249	0
201477831	11.5445	106.017	87.6755	0.134165	11.2634	0
201477832	11.2121	198.616	84.5887	0.658442	15.6667	0
201477836	0	604.919	96.5492	0.201962	20.831	0
201477837	0	592.875	97.0414	0.117357	11.8854	0.295858
201477838	4.53125	274.062	87.1875	1.65156	22.4137	0
201477839	13.6738	293.017	78.8656	0.809367	13.2991	0
201477844	10.7687	246.067	86.3867	0.362005	16.5309	0
201477849	14.5892	417.21	76.7468	0.871437	16.073	0
201477850	15.943	350.377	69.151	0.823072	16.6937	0
201477859	0	712.969	99.4796	0	19.1245	0.185874
201477870	0	299.185	55.5556	10.9074	16.5316	0
201477873	1.14092	497.831	87.8816	0.817453	25.0499	0
201477874	3.32594	466.665	91.5743	0.108647	16.6595	0
201477880	7.54286	346.329	87.9429	0.378286	19.8553	0
201477882	0	551.72	93.122	0.0352871	21.9828	0
201477883	0.856327	569.054	93.6568	0.263241	13.4317	0
201477884	18.8248	446.399	61.4799	2.04026	8.76038	5.87595
201477889	0.65666	485.938	98.6867	0.0103189	24.5551	0.65666
201477890	12.0551	515.132	74.2288	0.732795	8.11562	3.17988
201477892	0	518.895	91.6155	0.417178	10.2689	0
201477896	3.78525	482.041	92.4681	0.16068	13.5827	0
201477897	3.23864	477.109	93.5227	0.110795	9.70258	0
201477900	20.0461	377.051	73.0415	1.20046	15.4394	0
201477909	0	460.869	100	0	18.0299	0
201477913	0.910931	449.012	98.4818	0.134615	18.245	0
201477918	12.7087	458.367	79.6984	0.593969	11.6503	0
201477919	7.33922	484.061	87.2636	0.648171	10.89	0
201477922	0	456.412	97.3049	0.580011	27.9155	0.280741
201477935	6.91378	502.634	88.1386	0.313618	13.2056	0
201477936	0.37831	465.233	91.1728	1.56999	20.6999	2.14376
201477939	5.5794	117.537	69.759	7.50644	7.24999	0
201477940	7.70167	114.145	65.2968	8.1519	9.03999	0
201477956	12	151.239	80.3902	0.36	14.8949	0
201477957	7.55725	132.177	86.9084	0.441221	16.5706	0.229008
201477962	0.71475	330.776	95.2567	0	17.6921	0.324886
201477963	7.87938	338.76	91.0506	0.173152	14.2922	0
201477974	9.15577	473.037	82.2434	0.539834	9.96081	0.198177
201477975	0.656455	424.652	96.0613	0.420131	22.0096	0
201477976	1.33177	415.393	96.5531	0.0614963	19.411	0
201477980	26.8119	279.568	65.9403	0.972999	13.7515	0
201477999	4.83965	474.71	91.4869	0.137609	17.7863	0
201478000	7.77454	427.063	88.5326	0.159378	13.8255	0
201478005	50.4651	309.966	45.8721	0.947093	12.8747	0
201478008	0	87.7839	70.334	3.70727	7.13886	0
201478010	6.97987	421.85	81.745	1.41611	19.9034	0
201478011	14.515	122.047	66.7224	5.68696	6.09461	0
201478012	0	80.7639	63.8889	8.94444	7.10118	0
201478028	7.30554	488.095	83.8419	0.944134	12.5863	0.214869
201478033	15.833	219.073	70.2639	3.15912	24.3332	0.196928
201478034	1.3089	255.298	94.1099	0.231675	26.9067	0
201478044	0	397.524	96.9444	0.147222	18.0415	0
201478045	0	488.275	98.5981	0	28.9194	0
201478048	1.6129	415.476	97.4194	0.0943548	12.1017	0
201478049	0	386.889	81.1111	2.13333	19.0224	0
201478057	30.7538	69.4915	63.5176	1.31156	3.37369	0
201478058	36.0334	77.9774	53.1173	2.54885	4.75978	0
201478060	7.3903	94.241	49.0377	9.37259	6.01886	0
201478063	30.5226	243.54	60.095	1.87055	14.1179	0
201478070	2.66185	464.61	90.6014	0.345711	12.9107	0
201478071	0	432.324	97.2581	0.330645	25.7701	0
201478072	33.1707	171.385	56.0976	1.97073	20.2008	0
201478076	35.8266	237.35	59.3496	0.998916	15.1223	0
201478079	1.82635	373.934	83.4132	0.585928	41.1545	7.63473
201478084	0	248.031	99.1525	0.166102	28.3844	0
201478085	0	518.827	87.7066	0.157598	31.3599	1.08827
201478086	0	372.514	69.697	0.327506	36.2991	19.697
201478090	8.22999	477.373	34.3856	0	16.2221	57.3844
201478091	0	369.134	84.1191	0.0540943	16.9358	1.63772
201478092	0	374.248	98.9848	0.0239304	18.8375	0
201478097	16.8488	100.866	54.1894	8.51093	6.12075	0
201478098	25.1553	67.2609	70.8075	0	6.24106	0
201478104	4.72004	333.353	94.4007	0	14.9934	0.879223
201478107	14.3103	481.532	77.7586	0.814943	12.0861	0
201478108	11.8523	489.889	85.1158	0.332966	16.512	0
201478111	10.929	155.716	82.5137	0.983607	22.3676	0
201478115	16.4824	226.869	77.3869	1.49095	16.4285	0
201478121	8.73563	453.458	84.6897	0.544368	14.0114	0
201478122	6.18557	366.082	85.567	1.26804	25.6056	0
201478123	2.19707	284.84	93.4754	0.79028	22.8726	0
201478124	8.74751	208.714	86.2823	0.811133	20.6193	0
201478128	3.23575	384.519	84.7458	0.677966	24.9169	0
201478133	0.0844595	474.953	98.5642	0.0548986	12.9744	0
201478134	46.1034	83.5734	38.3921	2.84167	3.81879	0
201478135	3.61842	83.3542	64.693	3.8443	7.03149	0
201478137	13.2238	149.364	71.9836	3.161	13.7424	0
201478144	0	621.551	94.1493	0.0786819	21.9014	0
201478147	4.5843	128.384	83.5276	2.99689	18.0979	0
201478148	19.1176	58.9853	69.1176	3.01471	2.75557	0
201478149	41.5525	61.8858	52.5114	0.0821918	6.8398	0
201478152	28.8538	239.549	58.8933	1.91304	11.9103	0
201478155	4.9217	333.669	61.0738	0.1566	44.6414	25.2796
201478156	34.5787	318.592	61.6455	0.509539	12.2936	0
201478160	0	414.161	98.5201	0.188161	55.454	0
201478161	51.7358	232.778	46.0627	0.830652	14.0698	0
201478163	2.0752	631.146	95.8008	0.102783	22.0447	0
201478166	9.21053	195.858	72.8947	2.92368	27.3107	0
201478171	6.44868	309.635	89.6458	0.220708	22.0848	0
201478172	11.6035	365.737	85.6567	0.22079	14.0293	0
201478181	4.60251	445.419	93.0801	0.177663	19.0927	0
201478182	6.42612	490.562	89.0722	0.23677	16.232	0
201478183	2.95608	458.628	93.3277	0.182432	20.9791	0
201478184	11.5702	168.256	75.2066	3.70248	18.6733	0
201478188	8.44794	452.262	85.1015	0.432875	19.1517	0
201478191	5.8001	398.01	86.7944	0.457276	20.5716	0
201478192	0	365.469	88.0086	0.601713	34.3246	0
201478193	5.71161	104.891	58.2397	11.6966	7.61346	1.87266
201478196	2.1118	264.061	92.5466	0.157764	27.9067	0
201478199	3.87275	239.48	89.3499	1.34025	22.8569	0
201478200	1.06302	91.2172	36.8261	20.4844	6.22309	0
201478203	3.75587	330.524	93.3333	0.278873	18.2248	0
201478204	15.1254	299.541	82.5806	0.437276	12.0514	0
201478216	19.6889	457.859	74.8663	0.638794	14.4257	0
201478217	16.5675	440.785	80.2889	0.305013	24.15	0
201478229	0.628141	364.809	93.907	0.322236	20.1094	0
201478230	5.88235	160.79	76.4706	2.91597	20.6881	0
201478231	0.467508	643.035	91.4913	1.17111	11.4781	0
201478232	1.61714	673.449	91.6717	0.939357	12.3155	0
201478240	13.7445	80.6203	43.5242	8.84581	5.64869	0
201478241	0.521648	85.6385	20.3443	25.8983	4.06627	0
201478266	0.622278	614.417	86.9322	1.40012	15.6287	0
201478267	0	578.143	96.087	0.421739	8.76409	0
201478273	23.8292	68.2417	52.3416	7.5792	5.3825	0
201478284	2.48656	556.099	77.5538	1.91196	21.6214	0
201478285	4.88263	577.403	84.507	0.76385	16.6858	0
201478286	5.33049	431.744	85.3945	0.140725	24.7478	3.94456
201478288	3.9924	73.2471	30.2281	26.9125	7.44281	0
201478294	0	341.618	97.5983	0.467249	47.1505	0.436681
201478295	2.93342	347.533	88.1015	0.270929	38.8429	4.18589
201478296	3.02548	435.852	89.8317	0.148089	19.7038	0
201478297	0	374.628	96.8947	0.259676	29.2772	0
201478298	11.8705	189.459	71.7626	1.93705	21.7542	0
201478299	0.0902527	308.489	99.0072	0.272563	19.5006	0
201478305	0	126.5	50	16	13.9702	0
201478306	20.679	54.4444	60.1852	5.53395	4.53137	0
201478309	2.51188	326.728	94.7726	0.175153	19.6472	0
201478310	1.09976	354.835	95.8366	0.2011	21.5842	0
201478326	0	623.438	96.1039	0.199389	13.8258	0
201478333	0	519.229	100	0	10.6031	0
201478334	5.19031	558.998	91.9262	0.151096	10.5129	0
201478340	21.8039	399.376	73.8039	0.898039	16.4136	0
201478341	0.546022	369.541	95.1638	0.368955	29.8362	0
201478342	0	265.728	80.3774	0.350943	33.4244	10.566
201478355	7.46934	350.836	87.8484	0.332218	24.9856	0
201478356	2.2695	345.515	91.8676	0.419858	21.8219	0
201478358	0	284.938	90.2473	0.241758	37.4709	4.25824
201478362	14.2377	197.614	68.8158	2.63018	14.5627	0
201478364	1.09461	409.8	94.6052	0.107115	19.3652	0.312744
201478365	0	228.033	83.5165	0.208791	18.7047	0
201478366	4.16667	418.162	90.8565	0.460648	28.6382	0
201478367	3.37745	345.869	91.9671	0.444546	23.963	0
201478368	3.04296	341.041	86.9928	0.625298	27.0805	0
201478374	1.22468	483.838	84.6915	2.75601	28.861	0
201478375	5.12224	367.015	85.2154	0.793946	30.2307	5.00582
201478385	0.263331	455.355	99.6379	0.00658328	24.8924	0
201478386	12.9744	404.2	79.6116	0.589585	17.3277	0
201478401	0	630.484	97.3272	0.17927	15.0257	0
201478402	10.1096	553.245	86.419	0.211328	9.78049	0
201478403	1.39747	619.235	88.8853	1.22424	14.4508	0
201478411	5.63218	288.337	87.931	0.774713	37.3127	0
201478412	26.3975	100.275	45.1001	8.06522	12.5055	0
201478413	4.55312	65.6214	11.8887	30.43	4.26869	0
201478421	5.09186	347.431	83.7795	0.803675	27.4731	3.30709
201478422	0	262.34	80.3714	0.623342	30.536	2.12202
201478435	7.1949	236.578	88.1603	0.920765	24.7809	0.273224
201478436	4.37231	223.467	77.6416	2.74131	19.636	5.26664
201478441	2.63158	221.93	86.4662	0.836466	23.965	4.88722
201478442	0.322061	403.411	99.4364	0.0414654	24.9581	0
201478444	17.5824	153.967	40.6593	5.62637	3.38927	26.3736
201478449	7.9414	335.629	88.4349	0.348497	19.8252	0
201478450	0	289.197	89.0656	1.46322	28.4125	0
201478453	2.0557	431.824	94.3634	0.259284	24.2456	0.198939
201478454	1.85827	315.596	96.378	0.35937	18.7326	0.0314961
201478457	9.30233	155.116	24.4186	8.9186	4.79092	34.8837
201478458	27.686	164.083	40.4959	5.8719	7.15186	9.91736
201478468	8.12209	209.741	79.4102	1.95396	11.1829	0.155199
201478469	34.1593	164.593	37.6991	3.32035	7.52976	9.20354
201478471	16.2556	401.751	80.6054	0.835202	18.7608	0
201478472	31.6496	389.113	59.6685	0.811365	10.6255	0
201478479	34.673	365.423	57.2207	1.31335	12.2345	0
201478480	34.4282	332.989	56.9343	1.01054	12.6464	0
201478482	5.3744	486.04	82.4275	2.05012	17.7931	0
201478483	3.51142	329.269	89.5224	0.443647	40.5482	2.02001
201478493	14.9903	211.421	75.6652	1.62362	15.1726	0.0648929
201478494	44.9153	152.564	22.8814	0.114407	3.61938	28.8136
201478495	23	153.985	68	0.015	4.80392	3
201478496	4.12979	219.618	95.0836	0.0570305	15.6198	0
201478500	0	150.125	0	11.5625	4.30778	62.5
201478501	36.0465	175.762	53.9535	1.4407	12.0667	0
201478502	6.28196	60.1293	8.76552	33.3214	3.53586	0
201478510	6.77966	295.323	90.9359	0.0707443	20.7435	0
201478511	3.5229	295.046	91.7967	0.504278	20.7034	0
201478512	49.505	154.673	39.604	0.544554	3.74215	0
201478516	9.67742	206.37	77.4194	3.58287	10.0792	0.111235
201478517	7.12724	360.656	89.812	0.258636	18.7405	0
201478518	12.7482	419.387	82.1909	0.642217	14.1531	0
201478529	0.0628141	86.2393	36.1181	26.8612	7.14967	0
201478532	10	137.142	63.6975	12.5042	20.1818	0
201478537	6.45412	236.561	82.6594	0.237947	27.5466	5.36547
201478541	7.27182	244.065	89.669	0.379639	13.3666	0
201478547	1.88867	608.851	87.674	0.431412	13.7378	0
201478548	1.74446	534.861	84.8656	0.157001	19.5893	0
201478551	4.70997	539.908	85.2752	0.493307	13.4459	0
201478552	1.06996	284.489	96.6255	0.201646	16.1479	0.246914
201478555	20.4683	195.354	60.1041	2.94449	17.8123	7.28534
201478562	0	570.93	97.1609	0.136698	16.6401	0
201478564	5.22859	273.555	91.7761	0.378087	21.0773	0
201478565	6.52819	180.733	52.2255	6.60534	18.3518	18.1009
201478570	2.59934	245.72	81.0577	5.81805	23.3385	0.537795
201478574	0	643.394	94.3276	0.0152964	18.0104	0
201478578	0	578.007	89.726	0.132877	11.3475	6.78082
201478579	0	509.871	99.6219	0.0189036	21.3395	0
201478580	1.81452	226.183	74.3952	2.46774	19.2262	9.87903
201478589	0	504.729	90.8475	0.911864	22.8965	0
201478590	9.53271	246.384	75.514	4.95514	23.7421	0
201478591	2.7027	236.812	71.9219	3.84835	22.7185	8.70871
201478592	5.36218	168.302	48.4478	13.8244	18.1576	8.71747
201478598	8.65026	244.06	77.8523	2.13199	21.5746	5.07084
201478600	12.4557	238.128	69.6709	2.44608	23.2604	4.98734
201478603	0	641.425	93.0499	0	16.2703	0
201478604	0	573.834	85.5978	0.491848	10.8778	0
201478605	8.10502	202.082	56.9635	4.42009	18.5443	6.73516
201478606	19.0141	220.838	68.4859	2.80458	25.1836	0
201478607	14.8903	365.33	80.0549	0.826998	19.4958	0.0195925
201478608	2.5	206.519	69.375	0.3875	24.8336	20
201478610	1.40421	318.88	96.7904	0.341023	24.3619	0.401204
201478618	10.8108	165.351	0	19.0541	4.24171	29.7297
201478619	14.7059	207.176	59.1912	4.58088	16.3738	13.6029
201478620	13.7528	182.216	69.5281	4.92989	13.615	0
201478621	1.01156	51.1532	46.5318	16.3136	9.17543	15.4624
201478624	5.23514	259.42	80.7749	1.38776	25.3502	4.40698
201478625	2.7451	184.361	54.902	5.88235	19.1826	9.80392
201478626	10.4478	229.864	80.4726	1.99254	19.5024	0
201478627	16.6667	223.171	66.9231	1.5859	22.5856	4.87179
201478638	0	289.014	87.5	0.697826	34.3491	0
201478641	0	94.0877	55.7836	10.5308	15.7298	1.02612
201478642	0	51.8182	26.4822	13.3874	11.5126	18.1818
201478645	1.90355	173.761	61.0406	8.36168	21.5304	6.21827
201478650	0	285.914	97.7656	0.226912	20.6667	0.0993049
201478651	9.375	116.625	65.625	8.34375	13.6722	0
201478652	20.3415	262.508	66.9011	1.63787	16.5297	0
201478653	19.4781	263.567	67.2547	2.48879	13.1316	0
201478655	16.5457	247.341	69.3759	0.83164	23.8535	0
201478663	18.9573	228.548	69.2891	2.27488	15.377	0
201478664	7.18266	241.057	85.5108	0.689783	20.0202	0
201478672	0.980118	72.2478	11.6634	42.0462	5.42895	0.0280034
201478683	9.52381	52.2774	25.8799	10.0683	10.4144	11.3872
201478686	3.31126	86.7609	71.2288	0.154525	12.4902	0
201478691	18.1122	485.234	65.8307	2.1536	14.9947	0.348311
201478692	0.123686	255.132	90.7236	1.86951	15.5569	0
201478693	32.0038	54.7892	33.3333	4.39696	5.01439	5.98291
201478694	44.2675	37.1561	29.6178	0.328025	1.70202	16.242
201478695	7.14286	48.9031	52.0408	8.79082	8.60961	5.61225
201478700	2.48334	494.022	96.6081	0.0702605	21.612	0
201478701	5.78859	247.996	86.1577	0.947148	28.6895	0
201478706	0.290416	372.417	99.7096	0.000968054	27.2906	0
201478710	0.530632	358.948	98.3116	0.0414858	19.9145	0.0482393
201478711	14.2857	38.8286	85.7143	0	2.79146	0
201478713	0	647.113	95.9502	0	17.4381	0
201478714	0.287036	390.153	89.8262	0.94929	40.2593	0
201478715	0	388.616	97.1845	0.105825	38.572	0
201478716	8.47275	168.317	72.2612	4.8408	13.5097	0.0539665
201478717	1.15968	102.594	67.8858	2.33809	11.7136	0.0892061
201478722	0	317.868	42.1053	12.2895	33.6066	0
201478725	0	421.464	84.9385	2.0082	45.5178	0
201478726	60.5102	42.5653	29.3878	1.56531	3.28645	0
201478732	6.83625	297.228	90.3021	0.264706	22.6061	0
201478733	6.77291	248.343	88.0035	0.845507	15.37	0
201478737	1.78723	390.151	96.7234	0.0459574	19.5218	0
201478742	30.1127	171.891	62.1578	1.11111	12.4898	0
201478743	12.9507	212.968	82.0456	0.540839	18.1103	0
201478752	3.49144	591.184	79.3149	0.137681	9.07212	13.7022
201478753	1.13356	550.744	92.7551	0.24347	15.4349	2.61212
201478754	2.29286	477.649	97.16	0.0630537	21.9822	0
201478755	6.53595	442.069	92.9739	0.140523	28.6218	0
201478756	0	529.264	99.7559	0	22.9393	0
201478764	10.014	258.644	73.5445	3.59339	17.5229	2.23568
201478769	0	487.381	100	0	28.3223	0
201478774	1.45961	388.187	91.446	0.197895	18.9055	0.0339443
201478775	11.3332	229.301	80.8433	1.49573	19.0837	0
201478792	0	398.114	100	0	29.0631	0
201478793	14.0998	330.163	81.5985	0.757833	17.6967	0
201478794	6.12565	206.877	82.0681	1.95314	22.2419	3.56021
201478795	13.5245	261.446	74.5199	1.72464	17.9511	0.0540979
201478797	0	488.769	98.4505	0.0286055	16.1496	0
201478799	22.519	188.364	64.062	2.24036	15.4028	0
201478800	11.7347	153.066	85.7143	0.471939	13.3307	0
201478806	0	618.233	95.9891	0.01732	14.0982	1.5041
201478807	0	421.089	100	0	27.3936	0
201478814	9.85915	288.474	85.2753	0.635083	22.1768	0
201478822	41.8824	53.7341	34.9804	4.00078	7.39874	7.13725
201478826	17.0043	157.91	70.3499	2.01842	15.3977	0
201478830	23.4043	44.617	34.0426	3.93617	9.93789	23.4043
201478835	1.78378	337.17	94.3784	0.192432	16.8637	0
201478836	13.7642	77.8565	60.3021	6.4658	9.79792	0
201478842	3.17041	148.009	78.7318	0.167768	23.5498	13.21
201478866	26.2023	233.466	63.6816	2.60945	20.0809	0
201478872	0	475.713	97.8427	0.140571	16.5276	0
201478890	9.17667	303.879	84.9342	0.801315	24.4572	0
201478891	0.198069	450.944	95.6177	0.103739	16.4125	0
201478892	73.1752	40.4818	9.30657	0.144161	2.55305	15.5109
201478893	58.6493	43.5841	5.21327	8.46445	1.36904	0.35545
201478900	0.722022	406.2	98.3755	0.0559567	24.9778	0
201478901	13.8344	134.325	73.8017	3.26307	15.0355	0.0544662
201478904	21.9868	152.882	69.2715	0.928477	15.1804	0.0662252
201478914	5.84642	318.765	90.8377	0.573298	25.1446	0
201478925	12.6984	259.344	79.3651	0.349206	21.6448	0
201478934	3.99202	276.117	88.8224	0.783433	22.2065	0
201478937	27.1817	255.498	64.6638	1.46638	21.9286	0
201478938	11.0273	140.584	81.4797	0.153157	21.9795	5.41942
201478942	13.8916	324.032	83.2512	0.4867	22.3561	0
201478943	4.20499	172.79	87.6478	0.503285	18.0443	3.02234
201478959	2.0389	504.301	94.9498	0.357591	20.7974	0
201478965	7.19566	271.635	86.6437	0.398719	16.1404	1.01035
201478972	9.66229	505.644	84.2402	0.489681	7.20254	0
201478973	3.54593	354.045	92.4322	0.428129	19.3302	0
201478976	0.713194	430.815	96.3831	0.142129	16.2779	0
201478977	0	630.807	96.823	0.0412254	11.9756	0
201478978	0	574.556	100	0	3.84446	0
201478979	1.66134	550.668	94.0575	0.189989	16.4428	0
201478985	0	485.729	100	0	10.6683	0
201478993	0	207.999	97.2578	0.0134065	19.2647	0
201478994	0	176.202	95.2703	0.0714286	12.2761	0
201478995	2.34375	558.926	93.0288	0.332933	13.041	0
201479000	1.1804	429.282	96.0226	0.15884	19.6614	0
201479001	25.4325	42.763	28.0277	6.33045	2.9239	10.3806
201479006	0	352.983	87.395	3.52101	15.0436	0
201479017	8.19964	478.413	84.9673	0.325609	10.4882	0
201479021	29.9458	174.714	65.8537	0.758808	18.8344	0
201479025	13.7323	142.824	78.8138	0.38739	17.3755	3.66017
201479029	0	643.456	98.0837	0.184528	9.51033	0
201479030	6.31579	372.628	91.0088	0.603509	18.7514	0
201479031	10.4957	384.408	84.1208	0.571263	18.4504	0
201479032	2.55537	109.786	64.1397	7.47189	14.086	0
201479035	0	589.357	95.5063	0.111775	13.9021	0
201479037	4.18848	299.842	92.6702	0.395288	22.6949	0
201479042	13.4012	83.7863	51.3147	6.80916	10.4635	0.339271
201479043	33.9378	56.8031	28.4974	7.83938	6.25042	0.129534
201479046	0	363.061	100	0	23.4471	0
201479047	32.0574	40.6986	35.8852	0.732057	2.13242	20.5742
201479049	0	557.217	97.9508	0.068306	14.8565	0
201479057	0	557.19	95.6718	0.160505	14.8646	0
201479058	0.989247	365.374	94.5376	0.276559	13.8743	0.473118
201479059	0.277778	522.223	97.5	0.095	14.0384	0.388889
201479060	11.6431	333.989	81.4472	0.412949	18.6103	0
201479072	4.5403	591.544	91.1464	0.16118	14.9281	0.908059
201479073	0	616.437	94.843	0.15583	18.3171	0
201479075	0	309.317	96.7337	0	18.7158	0
201479076	0.224215	348.238	98.6547	0.0784753	19.1843	0
201479077	41.6	115.807	49.5273	0.032	14.5569	6.32727
201479078	13.0803	203.898	79.9237	0.396226	19.5803	0.0211999
201479080	0	447.362	90.6639	0.2213	14.9085	0
201479081	4.45434	103.476	72.0119	4.22272	20.2017	0
201479088	17.9359	505.806	76.5531	0.548597	8.97777	0.300601
201479089	0	448.635	90.4348	0.291304	18.3539	0
201479097	0.163666	488.633	99.6727	0.0480087	19.2825	0
201479098	1.58204	384.005	92.4471	0.399592	27.9185	0
201479100	11.2009	78.515	50.6351	8.91513	10.8194	3.81062
201479114	0.0486855	629.791	88.6076	0.557449	11.043	4.33301
201479119	14.0719	268.754	80.2395	1.27745	22.5223	0
201479125	0	87.887	79.1304	0.026087	29.708	20.8696
201479142	1.12528	512.843	98.8747	0	10.5982	0
201479143	4.28571	236.571	68.5714	8.72857	16.7036	0
201479158	9.24623	312.067	86.5327	0.61206	20.5075	0
201479162	3.32937	135.968	90.7253	0.243757	15.8047	0
201479163	0	152.092	96.1499	0.104357	15.7099	0
201479166	0	256.015	89.0511	0.394161	16.793	0
201479167	0.0996016	375.249	99.7012	0.00498008	23.2062	0
201479181	6.22327	529.991	89.6279	0.294696	9.64721	0
201479182	5.40925	418.662	87.0463	0.320285	23.6627	0
201479183	4.51807	381.092	89.006	1.01506	29.3174	0
201479191	0.344828	344.738	94.8276	0.0632184	21.5951	0
201479211	0	100.285	87.0085	0	21.4407	12.9915
201479212	0	94.5357	100	0	21.0911	0
201479228	12.4194	240.503	81.5323	0.665323	11.5503	0
201479229	5.99539	202.479	90.7251	0.436075	19.8816	0.0512426
201479234	0.382827	487.906	97.5116	0.280011	20.2329	0.136724
201479235	20.1363	541.446	77.032	0.275302	6.88896	0
201479236	18.9655	408.253	80.1149	0.101149	18.4612	0
201479241	12.348	506.199	83.4501	0.244748	11.3689	0.258017
201479249	73.913	44.4918	13.8681	3.07946	1.13274	0.149925
201479256	8.60507	106.51	81.3406	1.32518	18.8965	0
201479259	14.8724	258.148	78.4684	0.719201	11.0539	0
201479263	5.17827	471.626	91.511	0.157046	16.4902	0
201479264	6.1008	394.216	84.8806	0.935013	27.9138	0
201479265	5.24911	128.09	89.5907	0.599644	12.4419	0.177936
201479266	23.125	355.794	62.5	1.75	16.8565	0
201479267	3.66089	122.867	90.6551	0.283237	24.9377	0.963391
201479268	0	135.042	94.9735	0	20.6859	4.58554
201479272	4.32946	460.822	90.9187	0.341077	12.3921	0
201479284	22.5806	534.192	70.4147	0.57788	6.60342	0
201479289	15.3846	195.498	77.8281	0.556561	14.0661	0
201479290	69.5505	44.6997	11.62	2.35793	2.65292	9.32994
201479300	11.8873	285.58	83.0474	0.35335	11.7632	0
201479307	1.93705	226.72	92.7361	0.27724	11.3301	0
201479308	0	190.712	90.3846	1.07692	12.7066	0
201479314	0	169.511	94.2339	0.174629	15.6032	0.0823723
201479316	17.4588	277.698	73.1329	1.57323	20.5753	0
201479317	31.0876	54.2887	31.4726	6.78537	4.98471	13.3782
201479319	5.83333	116.224	83.5333	0.809667	14.2357	5
201479327	28.2282	338.711	67.988	0.55976	21.9671	0
201479331	6.69578	179.246	89.3741	0.110626	16.9277	0
201479334	0	425.367	97.5235	0.0919514	23.6519	0
201479335	1.81347	373.589	93.4585	0.307642	19.8046	0
201479336	11.4499	376.528	81.8757	0.388953	15.6183	0.517837
201479340	13.3333	510.541	82.5641	0.36044	10.1171	0
201479341	7.10322	521.91	92.0089	0.0510544	17.654	0
201479343	35.0649	314.078	51.9481	0.961039	16.714	0
201479344	11.7877	77.276	66.0894	3.19106	10.1437	0
201479345	4.62963	388.985	88.7566	0.296296	25.7201	0
201479359	1.21552	518.192	96.0262	0.105657	16.802	0
201479367	21.087	440.247	72.3913	1.19783	14.1149	0
201479368	10.7889	242.858	83.3689	0.53049	16.389	0
201479373	20.2139	508.163	75.4011	0.284492	9.90714	0
201479374	0	358.107	82.6446	4.61157	30.9896	0
201479379	0	469.5	94.7876	0.0888031	15.7712	0
201479389	16.3813	346.171	76.8265	0.747717	16.5011	0
201479390	31.9191	63.3065	44.092	3.9885	6.44801	0.0396511
201479394	0	432.332	100	0	36.1119	0
201479396	0.334928	607.744	92.201	0.198565	16.0236	0
201479397	14.9802	501.537	78.1746	0.431548	10.9569	0
201479398	12.2527	313.069	78.3866	0.643836	12.6832	0
201479404	2.88316	631.12	86.0698	0.240364	13.4759	0
201479407	4.48113	272.283	87.0283	0.0259434	16.3786	0
201479410	0	476.698	100	0	22.2476	0
201479411	11.3919	195.765	79.5737	0.904856	18.0116	0
201479415	0	407	71.4286	1.28571	15.9284	0
201479416	0	476.81	97.2118	0.0851545	22.1243	0
201479421	0	416.783	95.2055	0.17637	28.7246	0
201479422	1.68634	390.361	91.0624	0.674536	24.9433	0
201479423	16.9643	244.116	77.6786	0	10.1562	0
201479424	15.5231	260.352	79.4837	0.434443	14.6657	0
201479432	23.3556	360.93	70.5128	0.778707	14.9369	0
201479443	5.56537	511.885	90.2827	0.417845	12.0789	0
201479446	14.3502	325.779	76.444	0.486011	15.5054	0
201479452	7.69231	499.442	86.5385	0.714497	16.8483	0
201479465	0	478.592	97.1612	0.0576923	18.8444	0
201479480	0	474.372	100	0	29.9986	0
201479481	7.95796	249.862	89.1892	0.293544	13.4977	0
201479492	9.60093	372.94	84.6443	0.555523	22.4841	0
201479525	0.921053	496.641	92.3684	0.333553	11.7049	0
201479532	0	489.523	95.1892	0.0654266	15.6813	0
201479533	0.198544	536.756	96.9557	0.0476506	12.4311	0
201479537	9.32312	305.683	86.4623	0.197531	16.2746	0
201479548	4.56242	606.798	88.8013	0.3455	12.0557	0
201479554	0	519.996	96.7225	0.0269483	9.37308	0
201479566	0	510.886	96.1203	0.074426	14.7794	0
201479567	0	498.926	92.2306	0.251462	10.9503	1.00251
201479576	0	479.163	96.4126	0.044843	12.9726	0.112108
201479591	11.4377	524.186	84.4296	0.42404	11.0932	0
201479599	1.37615	496.354	94.6388	0.0799885	16.4152	0
201479601	1.35039	514.044	96.162	0.079602	10.1244	0
201479608	0	513.64	90.4459	0.144374	13.4245	0.636943
201479658	19.4984	204.818	69.7681	1.50405	15.6874	0
201479675	0	198.222	100	0.555556	3.79004	0
201479676	13.6972	247.222	82.2863	0.445932	13.906	0
201479687	16.335	317.256	81.7579	0.239635	20.8122	0
201479688	14.7059	199.912	52.9412	7.82353	6.28776	0
201479708	6.66667	213.299	60.3175	7.27302	15.9737	0
201479716	12.9142	291.472	79.6092	1.113	19.3465	0
201479717	2.958	277.542	91.0077	0.608756	21.3268	0
201479735	40.5405	249.432	43.2432	3.59459	10.0505	0
201479738	5.6962	292.162	86.4979	0.808017	12.3069	0
201479752	28.5456	331.671	62.583	0.8793	14.9411	0
201479763	6.13668	308.013	88.9819	0.320781	17.6068	0
201479806	3.26019	317.117	94.0439	0.0363636	14.6082	0
201479809	17.9958	392.784	68.4457	1.99729	15.7292	2.34192
201479811	1.11082	506.999	86.5003	0.641532	14.1953	5.21432
201479820	22.1943	436.673	68.555	1.30728	12.9527	0
201479833	8.47176	336.152	79.6788	1.20598	15.1878	0
201479842	32.6613	342.677	59.6774	0.844758	14.8127	0
201479843	14.77	355.515	75.7869	0.929782	13.9642	0
201479875	13.3682	277.285	80.1344	0.434653	16.1406	0
201479898	0	353.296	95.6376	0.0626398	13.9295	0
201479912	13.75	453.505	77.1646	1.43049	10.6377	0
201479928	0	368.125	98.2979	0.0178723	15.5277	0
201479941	9.27498	263.352	79.2293	1.32288	18.5141	0.217723
201479955	7.83646	360.61	88.7564	0.252129	17.4058	0
201480000	1.03181	443.952	96.5606	0.27687	11.2808	0
201480007	5.75264	450.652	89.4056	0.259348	14.0524	0
201480012	9.48061	325.398	85.4162	0.238376	15.5832	0
201480084	2.47934	360.627	92.4117	0.178062	20.218	0
201480127	8.81543	326.238	85.2158	0.428834	16.442	0
201480133	3.16243	408.104	91.4231	0.308098	14.4059	0.383325
201480134	0	335.828	93.6306	0.235669	22.3913	0
201480177	2.55474	380.276	93.7044	0.248175	16.7968	0
201480232	3.59477	381.686	89.2157	0.468954	21.039	0
201480235	7.64083	441.683	91.411	0.213608	12.7958	0
201480376	2.61364	459.414	90.6818	0.711364	9.71345	0.681818
201480377	2.5974	407.709	88.0231	0.681097	14.1738	0
201480409	0.448163	477.75	94.2336	0.279056	8.76971	0.746938
