ID	Population	Pop	Sample Size	Latitude	Longitude	General Location	K1	K2	K3	Data
1	PFBNC143	WRC061-001	20	35.12013	-82.75003	Murr Creek	0.01365	5.00E-05	0.9862	1.4-0-98.6
3	OHCM1	OHCM1-1001	152	38.6031	-79.8815	Shavers Fork, Segs 1-10	0.951559211	0.045572368	0.002842105	95.2-4.6-0.3
4	OHCM2	OHCM2-01	20	38.6023	-79.9109	Lambert Run	0.83055	0.1694	5.00E-05	83.1-16.9-0
5	OHCM3	OHCM3-01	30	38.55	-79.895	First Fork	0.969666667	0.0289	0.0014	97-2.9-0.1
6	OHCM4	OHCM4-01	27	38.5415	-79.9487	Buck Run	0.978666667	0.000296296	0.021037037	97.9-0-2.1
7	OHCM5	OHCM5-01	26	38.5619	-79.9276	Black Run	0.999615385	0.000307692	7.69E-05	100-0-0
8	OHCM6	OHCM6-01	33	38.4857	-79.9663	Rocky Run 1	1	0	0	100-0-0
9	OHCM7	OHCM7-01	31	38.4868	-79.9753	Rocky Run 2	0.995290323	0.003483871	0.001225806	99.5-0.3-0.1
10	OHCM8	OHCM8-101	52	38.4974	-79.9298	2nd Fork, Segs. 7,8,10	0.999807692	0	0.000192308	100-0-0
11	OHTM1	OHTM1-01	50	38.7345	-79.9089	Shavers Run	0.1794	4.00E-05	0.82054	17.9-0-82.1
12	OHYM1	OHYM1-01	49	39.7148	-79.2305	Puzzley Run	0.842714286	0.123367347	0.033877551	84.3-12.3-3.4
13	OHYM2	OHYM2-01	49	39.4016	-79.3043	Boiling Springs	0.852836735	0.143469388	0.003653061	85.3-14.3-0.4
14	OHYM3	OHYM3-01	49	39.6588	-79.2739	Little Bear Creek	0.749938776	0.05444898	0.195571429	75-5.4-19.6
15	OHYM4	OHYM4-001	30	39.6329	-79.2252	Casselman River	0.785966667	0.003933333	0.210033333	78.6-0.4-21
16	GA06	GA06-001	30	34.796427	-83.78574	Upper Chattahoochee River	0	6.67E-05	0.999933333	0-0-100
17	GA07	GA07-001	30	34.764654	-83.804072	Low Gap Creek	0	0	1	0-0-100
18	GA21	GA21-001	30	34.79557	-83.653437	Left Fork Soque River	0	0	1	0-0-100
19	GUNR1	GUNR1-01	50	39.5981	-76.6531	Panther Branch	0.7664	0.22858	0.00488	76.6-22.9-0.5
20	GUNR2	GUNR2-01	50	39.658	-76.8139	Indian Run	0.37076	0.62782	0.0014	37.1-62.8-0.1
23	SUSR4	SUSR4-001	100	39.6481	-76.4454	Rock Hollow Run	0.96058	0.02558	0.01382	96.1-2.6-1.4
24	SUSR5	SUSR5-001	50	39.6295	-76.4209	Kellogg Branch	0.9816	0.01838	2.00E-05	98.2-1.8-0
25	SUSR6	SUSR6-001	50	39.6438	-76.479	Spooners Creek	0.94566	0.05272	0.00162	94.6-5.3-0.2
26	CATO1	CATO1-01	47	39.6349	-77.4789	Big Hunting Creek	0.713468085	0.286404255	0.000106383	71.3-28.6-0
27	CATO2	CATO2-01	49	39.6632	-77.4804	Owens Creek	0.999591837	0.000102041	0.000306122	100-0-0
28	CATO3	CATO3-01	32	39.6363	-77.45	Still Creek	0.9235	0.0535625	0.02290625	92.4-5.4-2.3
29	CATO4	CATO4-01	38	39.5432	-77.4647	Right Fork Fishing Creek	0.991105263	0.000631579	0.008236842	99.1-0.1-0.8
30	CATO5	CATO5-01	48	39.5327	-77.4752	Left Fork Fishing Creek	0.900145833	0.029854167	0.07	90-3-7
31	POMR1	POMR1-01	47	39.4734	-77.4152	Tuscarora Creek	0.917617021	0.065638298	0.016702128	91.8-6.6-1.7
32	BearCreek	VA05-001	20	36.737334	-80.58159	Bear Creek	0	0	1	0-0-100
33	BigReedIslandCr	VA07-001	20	36.674994	-80.521569	Big Reed Island Creek	0.0258	0.00065	0.9736	2.6-0.1-97.4
35	EFDryRun	VA09-001	20	36.771983	-81.164966	EF Dry Run	0.00135	6.00E-04	0.998	0.1-0.1-99.8
37	NFStonyCreek	VA11-002	19	37.43226	-80.553248	NF Stony Creek	0	0	1	0-0-100
38	OHCK1	OHCK1-01	25	38.23711	-80.34118	Byrd Branch	0.08068	0.24212	0.67712	8.1-24.2-67.7
39	OHCK2	OHCK2-01	49	38.24175	-80.37169	Dogway Fork	0.039530612	0.441204082	0.519265306	4-44.1-51.9
40	OHGK1	OHGK1-01	50	38.58315	-79.66737	Walderman Run	0.07012	2.00E-04	0.92964	7-0-93
41	OHGK2	OHGK2-01	49	38.39899	-79.74983	Sutton Run	0.001163265	0	0.998836735	0.1-0-99.9
42	OHGK3	OHGK3-001	27	38.65128	-79.65491	EF Greenbrier Headwater	0.285259259	0.064259259	0.650444444	28.5-6.4-65
43	OHGK4	OHGK4-001	30	38.62221	-79.68543	Mullenox Run	0.1898	0.001166667	0.808933333	19-0.1-80.9
44	OHGK5	OHGK5-001	23	38.61545	-79.67927	Abes Run	0.167608696	0.000130435	0.83226087	16.8-0-83.2
45	OHGK6	OHGK6-001	19	38.57618	-79.70156	Long Run	0.063263158	0	0.936631579	6.3-0-93.7
46	OHGK7	OHGK7-001	22	38.51356	-79.7221	Little River	0.042681818	0.004227273	0.953	4.3-0.4-95.3
47	OHGK8	OHGK8-001	29	37.96923	-80.29571	Laurel Run	0.000413793	0.899482759	0.100068966	0-89.9-10
49	OHGN1	OHGN1-001	30	38.2026	-80.37271	NF Cherry River	0.037333333	7.00E-04	0.961933333	3.7-0.1-96.2
51	OHNK1	OHNK1-001	30	37.91433	-81.02081	Buffalo Creek	0.359066667	0.1124	0.5287	35.9-11.2-52.9
52	OHNK10	WRC134-001	20	36.4267603	-81.453945	Ezra Fork	1.00E-04	0.00195	0.99795	0-0.2-99.8
53	OHNK11	WRC137-001	20	36.4493635	-81.0835415	Glade Creek	5.00E-05	0	0.99995	0-0-100
54	OHNK12	WRC144-001	20	36.5569233	-81.6234242	Little Horse Creek	0	0	1	0-0-100
55	OHNK13	WRC146-001	20	36.3196431	-81.6919865	Meat Camp Creek	0	0	1	0-0-100
57	OHNK15	WRC151-001	20	36.3279872	-81.6367979	Pine Orchard Creek	0	0	1	0-0-100
58	OHNK16	WRC153-001	20	36.4215314	-81.2530259	Reeves Branch	0.0354	0.1046	0.85985	3.5-10.5-86
60	OHNK18	WRC165-001	20	36.255907	-81.7003412	Trivett Branch	0	0	1	0-0-100
61	OHNK19	WRC167-001	20	36.583253	-81.630069	UT Big Horse Creek (above Ripshin Branch at Va. state line)	0	0	1	0-0-100
63	OHNK20	WRC168-001	20	36.5258384	-81.6704962	UT Big Laurel Creek ( Above Beaverponds )	0.00685	0.00445	0.9887	0.7-0.4-98.9
64	OHNK21	WRC172-001	20	36.4275894	-81.285759	UT Cranberry Creek	0	0	1	0-0-100
65	OHNK22	WRC177-001	20	36.1687212	-81.6486848	UT Middle Fork New River (@Tweetsie RR)	0	0.00155	0.99845	0-0.2-99.8
66	OHNK23	WRC180-001	20	36.3346989	-81.5191582	UT Old Fields Creek	0	0	1	0-0-100
67	OHNK24	WRC181-001	20	36.318367	-81.6350545	UT Pine Orchard Creek	0	0	1	0-0-100
68	OHNK25	WRC184-001	20	36.3238544	-81.4823595	UT South Fork New River	0	0	1	0-0-100
69	OHNK26	WRC186-001	20	36.2661567	-81.4775217	West Fork Pine Swamp Creek	5.00E-05	0	0.99995	0-0-100
70	OHNK27	WRC188-001	20	36.2837895	-81.4703543	Wolfpen Creek	0	0	1	0-0-100
72	OHNK29	WRC127-001	20	36.1556403	-81.6500868	Brown Branch	0	5.00E-05	0.99995	0-0-100
75	OHNK31	WRC129-001	20	36.4408513	-81.4916861	Claybank Creek	5.00E-05	0.00015	0.99975	0-0-100
76	OHNK32	WRC131-001	20	36.242154	-81.686784	Doe Fork	0	0	1	0-0-100
77	OHNK33	WRC133-001	20	36.5054486	-81.6451105	East Fork Roaring Fork	0.04025	0.1791	0.78055	4-17.9-78.1
78	OHNK34	WRC135-001	20	36.4266562	-81.4539442	Ezra Fork	0.0141	0.0028	0.9831	1.4-0.3-98.3
79	OHNK35	WRC136-001	20	36.2409489	-81.538227	Gap Creek	0.00015	0	0.99985	0-0-100
81	OHNK37	WRC139-001	19	36.371606	-81.712475	Hoskins Fork	0.038157895	0.066684211	0.894947368	3.8-6.7-89.5
82	OHNK38	WRC140-001	20	36.5535323	-81.513874	Jerd Branch	2.00E-04	0.99975	5.00E-05	0-100-0
83	OHNK39	WRC141-001	20	36.2687846	-81.7183243	Jones Branch	0	0	1	0-0-100
84	OHNK4	WRC122-001	20	36.1726689	-81.6925992	(C) Winkler Creek (above old Impoundment)	0	0	1	0-0-100
85	OHNK40	WRC142-001	20	36.5283912	-81.6843392	Kilby Creek	0.00065	5.00E-05	0.9993	0.1-0-99.9
87	OHNK42	WRC145-001	20	36.424392	-81.197458	Meadow Fork	0	0.004	0.996	0-0.4-99.6
89	OHNK44	WRC148-001	20	36.2362881	-81.6642773	Norris Branch	0.00115	5.00E-05	0.9988	0.1-0-99.9
90	OHNK45	WRC149-001	19	36.2825932	-81.6830482	Norris Fork	0.000157895	0.082631579	0.917157895	0-8.3-91.7
93	OHNK48	WRC155-001	20	36.3041046	-81.650166	Rittle Fork	0	0	1	0-0-100
94	OHNK49	WRC157-001	20	36.5053588	-81.5980255	Roaring Branch	0.00015	0	0.99985	0-0-100
95	OHNK5	WRC123-001	20	36.1752544	-81.6899697	(C) Winkler Creek (between old & new impoundments)	0.00085	0.0068	0.99235	0.1-0.7-99.2
96	OHNK50	WRC158-001	20	36.5147638	-81.653585	Roaring Fork	0.3729	0.60635	0.02065	37.3-60.6-2.1
98	OHNK52	WRC160-001	20	36.455572	-81.697383	Roundabout Creek	0.1202	0.2853	0.59435	12-28.5-59.4
99	OHNK53	WRC162-001	20	36.3749868	-81.5996959	Skin Camp Branch	0	0	1	0-0-100
100	OHNK54	WRC163-001	20	36.354175	-81.676697	Snyder Branch	1.00E-04	0.12245	0.87745	0-12.2-87.7
102	OHNK56	WRC166-001	19	36.146241	-81.647147	UT Aho Branch	0	0.016473684	0.983526316	0-1.6-98.4
103	OHNK57	WRC169-001	20	36.547918	-81.6603131	UT Big Laurel Creek ( Below Flatwood )	0.03195	0.0708	0.89725	3.2-7.1-89.7
104	OHNK58	WRC170-001	20	36.5547494	-81.6693876	UT Big Laurel Creek ( Denny Hollow )	0.03645	0.1437	0.81985	3.6-14.4-82
105	OHNK59	WRC171-001	20	36.395783	-81.531642	UT Buffalo Creek (@ Buck Mtn.)	3.00E-04	5.00E-05	0.99965	0-0-100
106	OHNK6	WRC124-001	20	36.3573423	-81.6159101	Bald Fork	0	0	1	0-0-100
110	OHNK63	WRC176-001	20	36.139162	-81.6672204	UT Middle Fork New River (@substation)	0	0	1	0-0-100
111	OHNK64	WRC178-001	20	36.4802743	-81.4765576	UT North Fork New River	0.1301	0.12915	0.7408	13-12.9-74.1
112	OHNK65	WRC179-001	20	36.42683	-81.613394	UT North Fork New River (@ Creston)	7.00E-04	0.19005	0.8092	0.1-19-80.9
113	OHNK66	WRC183-001	20	36.332893	-81.4599757	UT South Fork New River	1.00E-04	0.1154	0.8845	0-11.5-88.5
115	OHNK68	WRC187-001	19	36.4039791	-81.2784303	Wolf Branch	0.000105263	0.061263158	0.938631579	0-6.1-93.9
116	OHNK69	D701-001	22	36.3169623	-81.7013383	UT Meat Camp Creek	4.55E-05	0.000954545	0.999	0-0.1-99.9
117	OHNK7	WRC126-001	20	36.5626706	-81.6665957	Big Laurel Creek	0.09895	0.00815	0.8929	9.9-0.8-89.3
119	OHNK71	D703-001	24	36.1541123	-81.6276005	Aho Branch	0	0	1	0-0-100
120	OHNK8	WRC130-001	20	36.2638257	-81.5339435	Cranberry Creek	0	0	1	0-0-100
121	OHNK9	WRC132-001	20	36.2838079	-81.4351735	East Fork Pine Swamp Creek	0	0	1	0-0-100
122	PFBNC124	WRC336-001	20	36.3592958	-81.719256	UT Hoskins Fork	0.001	0.0823	0.9166	0.1-8.2-91.7
123	PFBNC76	WRC332-001	20	36.3083612	-81.6702018	Little Creek	5.00E-05	6.00E-04	0.9994	0-0.1-99.9
124	SnakeCreek	VA12-001	20	36.678723	-80.657286	Snake Creek	0.01065	0	0.98935	1.1-0-98.9
125	StandrockBranch	VA13-001	20	37.196585	-80.893499	Standrock Branch	0.00955	0.04345	0.947	1-4.3-94.7
126	ToryCreek	VA14-001	18	36.744527	-80.493856	Tory Creek	0	0	1	0-0-100
128	GA13	GA13-001	30	34.769548	-84.033267	Bryant Creek	0	0	1	0-0-100
129	GA14	GA14-001	40	34.767345	-83.993942	Logan Creek	0	0	1	0-0-100
130	GCS1	LR_2013_121	29	35.591956	-83.516187	Grouse Creek Site 1	0	0	1	0-0-100
131	GPS1	FC_2014_001	40	35.594153	-83.561233	Goshen Prong Site 1	0	0	1	0-0-100
132	GPS4	FC_2014_096	50	35.5834	-83.544	Goshen Prong Site 4	0	0	1	0-0-100
133	GRSML1	GRSML1-001	48	35.591	-83.5744	Fish Camp Run	0	0	1	0-0-100
136	GRSML22	GS35-001	30	35.62383817	-83.64181971	Marks Creek	0	0	1	0-0-100
137	GRSML3	GRSML3-001	35	35.5879	-83.6316	Indian Flats	0.102342857	0.169114286	0.7286	10.2-16.9-72.9
138	GRSML4	GRSML4-001	49	35.6509	-83.6281	Mannis Branch	4.08E-05	0	0.999959184	0-0-100
139	GRSML5	GRSML5-001	24	35.5899	-83.5662	Silers's Creek	0	0	1	0-0-100
140	GRSML6	GRSML6-1001	76	35.5899	-83.5662	Silers's Creek (4,9,10)	0	0	1	0-0-100
142	GRSMP1	GRSMP1-001	47	35.6521	-83.1689	Lost Bottoms	4.26E-05	0	0.999957447	0-0-100
143	GRSMP10	GRSMP10-001	21	35.62527	-83.47016	Road Prong	0	0	1	0-0-100
144	GRSMP11	GRSMP11-001	34	35.75969	-83.19495	Tom?s Creek	0	0	1	0-0-100
145	GRSMP12	GRSMP12-001	32	35.7389	-83.2783	Indian Camp Creek	0	0	1	0-0-100
146	GRSMP13	GRSMP13-001	25	35.67001	-83.09951	Little Cataloochee Creek	0	0	1	0-0-100
147	GRSMP14	GRSMP14-001	28	35.6767	-83.08874	Correll Branch	0	0	1	0-0-100
148	GRSMP16	GRSMP16-001	40	35.7608	-83.19703	Toms Creek	0	0	1	0-0-100
149	GRSMP17	GRSMP17-009	16	35.76479	-83.25353	Greenbrier Creek	0	0	1	0-0-100
150	GRSMP18	GRSMP18-009	16	35.73785	-83.27838	Indian Camp Creek	0	0	1	0-0-100
152	GRSMP2	GRSMP2-001	32	35.7671	-83.2023	Cosby Creek	0	0	1	0-0-100
153	GRSMP20	GS34-001	30	35.62745	-83.40842	Kephart Branch	0	0	1	0-0-100
157	GRSMP24	GS37-001	30	35.62274826	-83.42144591	Walker Camp Prong	0.017966667	0.438366667	0.5437	1.8-43.8-54.4
158	GRSMP25	GS38-001	28	35.7456837	-83.215988	Rock Creek	0	0	1	0-0-100
159	GRSMP26	GS39-001	30	35.69511594	-83.32153141	Buck Fork	0.0331	0	0.9669	3.3-0-96.7
160	GRSMP27	GS43-001	30	35.69182448	-83.31598851	Chapman Prong	0	0	1	0-0-100
162	GRSMP29	GS55-002	30	35.64431163	-83.0726446	Winding Stair	0	0	1	0-0-100
163	GRSMP3	GRSMP3-033	48	35.7671	-83.2023	Cosby Creek	0.000104167	2.08E-05	0.999854167	0-0-100
164	GRSMP30	GS56-002	30	35.59985518	-83.1308236	Hurricane Creek	6.67E-05	0.002366667	0.997533333	0-0.2-99.8
165	GRSMP31	GS57-002	30	35.6021498	-83.16291579	Bear Branch	0	0	1	0-0-100
166	GRSMP32	GS58-002	30	35.67181836	-83.13536468	Pretty Hollow	0	0	1	0-0-100
167	GRSMP33	GS59-002	30	35.60188	-83.16237872	Horse Creek	0	0	1	0-0-100
168	GRSMP34	GS60-002	30	35.61488345	-83.14599307	Messer Branch	3.33E-05	0	0.999966667	0-0-100
169	GRSMP35	GS61-002	29	35.61336491	-83.0939906	Sag Branch	0	0	1	0-0-100
170	GRSMP36	GS62-002	29	35.57193744	-83.12570343	Caldwell Fork	0	0	1	0-0-100
171	GRSMP37	GS63-002	30	35.67180283	-83.13877789	Onion Bed	0	0	1	0-0-100
172	GRSMP38	GS64-002	30	35.57635336	-83.12628358	Straight Creek	0	0	1	0-0-100
173	GRSMP39	GS65-002	30	35.59419869	-83.0987225	McKee Branch	0	6.67E-05	0.999933333	0-0-100
174	GRSMP4	GRSMP4-001	28	35.7643	-83.2526	Greenbrier Creek	0	0	1	0-0-100
175	GRSMP5	GRSMP5-035	27	35.7643	-83.2526	Greenbrier Creek	0	0	1	0-0-100
176	GRSMP6	GRSMP6-001	33	35.7389	-83.2783	Indian Camp Creek	6.06E-05	0	0.999939394	0-0-100
177	GRSMP8	GRSMP8-001	25	35.7671	-83.2023	Cosby Creek	0	0	1	0-0-100
178	GRSMP9	GRSMP9-001	34	35.7643	-83.2526	Greenbrier Creek	0	0	1	0-0-100
179	GRSMT1	GRSMT1-001	49	35.5563	-83.1677	Bunches Creek	0	0	1	0-0-100
180	GRSMT2	GRSMT2-001	50	35.5667	-83.18	Flatt Creek	0	0	1	0-0-100
181	GRSMT22	GS36-001	28	35.61986728	-83.23039471	Hyatt Creek	0	7.14E-05	0.999892857	0-0-100
182	GRSMT23	GS40-001	29	35.58476105	-83.42515628	RF Deep Creek	0	0	1	0-0-100
183	GRSMT24	GS41-001	30	35.58503691	-83.42667635	Sahlee Creek	0	0	1	0-0-100
184	GRSMT25	GS42-001	30	35.55528252	-83.47670642	Noland Creek	0	0	1	0-0-100
185	GRSMT26	GS44-001	31	35.49706343	-83.65659546	Cold Springs Branch	0	0	1	0-0-100
186	GRSMT27	GS45-001	30	35.51194438	-83.69720183	Haw Gap Branch	0	0	1	0-0-100
187	GRSMT28	GS46-001	29	35.54112558	-83.67636608	Desolation Branch	0	0	1	0-0-100
188	GRSMT29	GS47-001	30	35.54053482	-83.6708987	Defeat Branch	0	0	1	0-0-100
189	GRSMT3	GRSMT3-001	40	35.5341	-83.5446	Huggin's Creek	0.00115	0.160375	0.838425	0.1-16-83.8
190	GRSMT30	GS49-002	30	35.62001761	-83.33050789	Louie Camp Branch	0	0	1	0-0-100
191	GRSMT31	GS50-002	30	35.61226789	-83.26422737	Enloe Creek	0.100133333	0.000166667	0.899733333	10-0-90
192	GRSMT32	GS51-002	30	35.62431103	-83.32617226	Bearwallow Branch	0.012966667	0.000466667	0.986533333	1.3-0-98.7
193	GRSMT33	GS52-002	30	35.63332387	-83.32996679	Chasm Prong	0	0	1	0-0-100
194	GRSMT34	GS53-001	30	35.64340742	-83.25582982	R. Fork Raven Fork	0.009866667	3.00E-04	0.989833333	1-0-99
195	GRSMT35	GS54-002	30	35.64491771	-83.32894523	Gulf Prong	0	0	1	0-0-100
197	GRSMT5	GRSMT5-001	47	35.4858	-83.5926	Bear Creek	0.000510638	0.020297872	0.979191489	0.1-2-97.9
198	GRSMT6	GRSMT6-001	25	35.58628	-83.36516	Kanati Fork	0	0	1	0-0-100
199	GRSMT7	GRSMT7-001	22	35.59933	-83.39906	Aden Branch	0	0	1	0-0-100
200	L2S1	FC_2014_238	50	35.57905	-83.578	Lean-to Site 1	0	0	1	0-0-100
201	LRS1	LR_2013_001	30	35.592602	-83.511766	Little River Site 1	0	0	1	0-0-100
202	LTGA11	GA11-001	30	34.946254	-83.453083	Keener Creek	0	0	1	0-0-100
203	LTNC10	WRC113-001	20	35.0511015	-83.308477	UT Tessentee Creek	0	0	1	0-0-100
204	LTNC100	WRC091-001	20	35.2377037	-84.0580182	(A) Tipton Creek (incl. trib.)	0	0.0108	0.9892	0-1.1-98.9
205	LTNC101	WRC092-001	20	35.0634056	-83.2739161	Bennies Branch	1.00E-04	0.0898	0.9101	0-9-91
206	LTNC102	WRC093-001	20	35.089675	-83.189961	Big Creek	0.00425	0.23295	0.7628	0.4-23.3-76.3
207	LTNC103	WRC095-001	20	35.1016582	-83.2430469	Brush Creek	0.00025	0.33615	0.6636	0-33.6-66.4
208	LTNC104	WRC096-001	20	35.2257112	-83.2384502	Bryson Branch	0	0	1	0-0-100
209	LTNC105	WRC098-001	20	35.1037626	-83.2902498	Crow Creek	5.00E-05	0.95915	0.0407	0-95.9-4.1
211	LTNC107	WRC380A-001	33	35.2204377	-83.0327662	Flat Creek (above falls)	0.055151515	0.057848485	0.886909091	5.5-5.8-88.7
212	LTNC108	WRC381-001	19	35.2568349	-82.9362342	Pinhook Creek (below falls)	0	0	1	0-0-100
213	LTNC109	D901-001	35	35.289958	-83.293475	Bettys Branch	0	0	1	0-0-100
214	LTNC11	WRC293-001	20	35.1970383	-82.9847656	Bracken Creek	0.0795	0.57635	0.3442	8-57.6-34.4
215	LTNC110	D902-001	20	35.282125	-83.265064	Tatham Creek	0	0	1	0-0-100
216	LTNC111	D903-001	30	35.248756	-83.267727	Shell Branch	0	0	1	0-0-100
217	LTNC112	D906-001	39	35.302122	-83.372431	Huckleberry Creek	0	0	1	0-0-100
218	LTNC113	D907-001	36	35.302543	-83.341682	Beasley Creek	0	0	1	0-0-100
219	LTNC12	WRC295-001	20	35.2826209	-82.9853557	Charley Creek	0.0021	0.00095	0.99695	0.2-0.1-99.7
220	LTNC13	WRC296-001	20	35.2201	-82.95806	Cold Creek	0.0607	0.4907	0.44845	6.1-49.1-44.8
221	LTNC14	WRC302-001	20	35.2028632	-83.1893383	Gem Creek	0	0.00185	0.99815	0-0.2-99.8
222	LTNC15	WRC306-001	20	35.2788805	-83.0250111	Jeff Creek	0	0	1	0-0-100
223	LTNC16	WRC308-001	20	35.2016225	-83.2125065	Little Pine Creek	0.00075	0.47165	0.5276	0.1-47.2-52.8
224	LTNC17	WRC310-001	20	35.2564608	-83.1336517	Mill Creek	0.0012	0.0179	0.98095	0.1-1.8-98.1
225	LTNC18	WRC311-001	20	35.167814	-83.1852347	Mill Creek	0.00095	0.4592	0.5398	0.1-45.9-54
226	LTNC19	WRC318-001	20	35.2766748	-83.0144098	Sols Creek	0.0051	0.24175	0.7531	0.5-24.2-75.3
227	LTNC2	NC02-001	42	35.48692	-83.18631	Soco Creek	0	0	1	0-0-100
229	LTNC21	WRC322-001	20	35.2096888	-83.1164218	Trout Creek	0.27925	0.67635	0.0441	27.9-67.6-4.4
230	LTNC22	WRC119-001	20	35.2551992	-83.5906381	UT Otter Creek	0	0	1	0-0-100
231	LTNC23	WRC022-001	20	35.254525	-83.966819	(C) Sassafras Creek (incl. trib.)	0	0	1	0-0-100
232	LTNC24	WRC120-001	20	35.023508	-83.487356	Yellow Patch Branch	1.00E-04	0.00915	0.99075	0-0.9-99.1
233	LTNC25	WRC023-001	20	35.2455342	-83.8856125	Bear Creek	0	0	1	0-0-100
234	LTNC26	WRC025-001	20	35.3259869	-83.9640204	Wright Creek	0	0	1	0-0-100
235	LTNC27	NC04-001	40	35.5288	-83.1922	Madcap Branch	0	0	1	0-0-100
236	LTNC28	NC05-001	39	35.4902	-83.2151	Jenkin's Creek	5.13E-05	2.56E-05	0.999923077	0-0-100
237	LTNC29	NC06-001	24	35.4995	-83.1746	Rough Branch	0	0.097833333	0.902166667	0-9.8-90.2
238	LTNC3	NC03-001	40	35.52025	-83.22418	Big Witch Creek	0	0.023325	0.976675	0-2.3-97.7
240	LTNC31	WRC376-001	40	35.26218	-84.04492	Tellico River	0	0	1	0-0-100
241	LTNC32	WRC377-001	34	35.25168	-84.0299	Round Mountain Branch	0	0	1	0-0-100
242	LTNC33	WRC378-001	31	35.27757	-83.99892	Snowbird Creek	0	0	1	0-0-100
245	LTNC36	WRC384-001	28	35.384962	-83.079766	Dark Ridge Creek	0	0.003678571	0.996321429	0-0.4-99.6
246	LTNC37	WRC109-001	19	35.39795	-83.993239	Slickrock Creek	0	0.052315789	0.947684211	0-5.2-94.8
247	LTNC38	WRC100-001	20	35.051127	-83.4433848	Henson Creek	0	2.00E-04	0.99975	0-0-100
248	LTNC39	WRC103-001	20	35.3365644	-83.4061966	Little Laurel Creek (trib. of Alarka Cr.)	0	0	1	0-0-100
250	LTNC40	WRC105-001	20	35.0812545	-83.2460064	Long Branch	0.0386	0.35105	0.6103	3.9-35.1-61
251	LTNC41	WRC107-001	20	35.2703011	-84.0475248	Peckerwood Creek	0	2.00E-04	0.9998	0-0-100
252	LTNC42	WRC110-001	20	35.0512067	-83.2553861	Turtle Pond Creek	0.0792	0.0856	0.8351	7.9-8.6-83.5
253	LTNC43	WRC114-001	20	35.032742	-83.436394	UT to Coweeta Creek (near Reynolds Gap)	0	0	1	0-0-100
254	LTNC44	WRC115-001	20	35.2175734	-83.2342281	Wildcat Creek	0	0.0504	0.9496	0-5-95
256	LTNC46	WRC118-001	20	35.249133	-83.669244	Pierce Creek ( also listed as Piercy Creek)	0.00035	0	0.99965	0-0-100
257	LTNC47	WRC267-001	20	35.382	-83.12	(A) South Fork Sugarloaf Creek	0	0	1	0-0-100
258	LTNC48	WRC268-001	5	35.392	-83.133	(A) Sugarloaf Creek (below barrier)	0	0.2	0.8	0-20-80
259	LTNC49	WRC269-001	19	35.388	-83.126	(A) UT Sugarloaf Creek	0	5.26E-05	0.999947368	0-0-100
270	LTNC58	WRC282-001	20	35.3280919	-83.0582684	(D) Chastine Creek (incl. tribs.)	0	0	1	0-0-100
271	LTNC59	WRC283-001	20	35.347	-83.054	(D) Craig Creek	0	0	1	0-0-100
272	LTNC6	WRC101-001	20	35.1570048	-83.2625388	Ledford Branch	0.00035	0.9987	0.00105	0-99.9-0.1
273	LTNC60	WRC284-001	20	35.3360411	-83.05636282	(D) Frady Creek	0	0	1	0-0-100
275	LTNC62	WRC299-001	20	35.4191386	-83.1907797	Fisher Creek	0	0	1	0-0-100
276	LTNC63	WRC304-002	19	35.333816	-83.3062694	Greens Creek	0	0.157894737	0.842105263	0-15.8-84.2
277	LTNC64	WRC305-001	20	35.2200232	-83.1506208	Hunter Jim Creek	0	0	1	0-0-100
279	LTNC66	WRC309-001	20	35.2171902	-83.1048686	Little Trout Creek	0	0	1	0-0-100
280	LTNC67	WRC312-001	20	35.2339737	-83.0196683	Neddie Creek	0	0	1	0-0-100
281	LTNC68	WRC319-001	20	35.2847512	-82.9434836	Tanassee Creek	0	0	1	0-0-100
282	LTNC69	WRC323-001	20	35.3482953	-83.1325927	Wayehutta Creek	0	0	1	0-0-100
283	LTNC7	WRC106-001	20	35.0980559	-83.1887634	Norton Prong	0.00025	0.49015	0.5096	0-49-51
284	LTNC70	WRC366-001	20	35.24075	-83.582694	Big Branch	0	0	1	0-0-100
285	LTNC71	WRC369-001	20	35.3657942	-83.0204091	Mull Creek	0	0	1	0-0-100
286	LTNC72	WRC024-001	20	35.328906	-84.016292	Whigg Branch	0.00885	0.4726	0.5184	0.9-47.3-51.8
290	LTNC76	WRC116-001	20	35.039192	-83.574072	Buck Creek	0.0277	1.00E-04	0.97215	2.8-0-97.2
291	LTNC77	WRC278-001	20	35.35	-83.088	(C) East Fork Moses	0	0	1	0-0-100
292	LTNC78	WRC279-001	20	35.3312291	-83.1007775	(C) Moses Creek	0	0	1	0-0-100
293	LTNC79	WRC280-001	20	35.338	-83.098	(C) Moses Creek	0	0	1	0-0-100
294	LTNC8	WRC111-001	20	35.3374603	-83.3784729	Upper Long Branch	0	0	1	0-0-100
296	LTNC81	WRC285-001	20	35.3300556	-83.0012443	(F) Bearwallow Creek (including tribs.)	0.1136	0.02515	0.86115	11.4-2.5-86.1
297	LTNC82	WRC286-001	20	35.332	-82.999	(F) Birch Ridge Creek	3.00E-04	8.00E-04	0.9989	0-0.1-99.9
298	LTNC83	WRC287-001	20	35.179	-83.076	(G) Cow Mountain Branch	0.01405	0.1362	0.84975	1.4-13.6-85
299	LTNC84	WRC288-001	20	35.186	-83.078	(G) Mill Creek	0.01245	0.3795	0.608	1.2-38-60.8
300	LTNC85	WRC289-001	20	35.176	-83.061	(G) Packs Creek	5.00E-05	0.52765	0.47225	0-52.8-47.2
301	LTNC86	WRC290-001	20	35.183	-83.082	(G) Shelton Creek	0.07425	0.5555	0.3702	7.4-55.6-37
302	LTNC87	WRC291-001	20	35.2644016	-83.0185048	(H) Sols Creek	5.00E-05	0	0.99995	0-0-100
303	LTNC88	WRC292-001	20	35.3523882	-83.0155009	Beechflat Creek	0.1241	0.8756	3.00E-04	12.4-87.6-0
305	LTNC9	WRC112-001	20	35.1334328	-83.2059302	UT Buck Creek	0	0	1	0-0-100
306	LTNC90	WRC297-001	20	35.2186559	-83.2097509	Dodgen Creek	0.00075	0.85515	0.14405	0.1-85.5-14.4
307	LTNC91	WRC300-001	20	35.2204377	-83.0327662	Flat Creek	0	0.00285	0.99715	0-0.3-99.7
308	LTNC92	WRC301-001	20	35.2883362	-82.9733704	Gage Creek	0.02705	0.7885	0.18435	2.7-78.9-18.4
309	LTNC93	WRC313-001	20	35.3235915	-82.9913537	Piney Mountain Creek	0.0187	0.17545	0.8059	1.9-17.5-80.6
310	LTNC94	WRC314-001	20	35.2568349	-82.9362342	Pinhook Creek	0	0.03865	0.9613	0-3.9-96.1
311	LTNC95	WRC315-001	20	35.2488885	-83.2674832	Shell Branch	0	0	1	0-0-100
313	LTNC97	WRC317-001	20	35.2007229	-83.0039466	Slickens Creek	0.2839	0.71355	0.00245	28.4-71.4-0.2
314	LTNC98	WRC320-001	19	35.2802563	-83.2630471	Tatham Creek	0	0.002210526	0.997789474	0-0.2-99.8
315	LTNC99	WRC324-004	15	35.2665208	-82.9695989	Wolf Creek	0	4.00E-04	0.9996	0-0-100
316	MPPS1	LR_2013_211	29	35.598205	-83.501998	Meigs Post Prong Site 1	0	0	1	0-0-100
317	MPPS2	LR_2013_240	31	35.594744	-83.49822	Meigs Post Prong Site 2	0	0	1	0-0-100
318	PFBNC1	NC01-001	42	35.46629	-83.04172	Hyatt Cove Creek	0	0	1	0-0-100
319	PFBNC10	WRC246-001	20	35.4136987	-83.0132106	Old Bald Creek	0	0	1	0-0-100
320	PFBNC100	WRC217-001	20	35.721547	-82.254889	Right Prong South Toe River	0.008	0.4653	0.52665	0.8-46.5-52.7
321	PFBNC101	WRC219-001	19	35.76075	-82.192601	Roaring Fork	0	0.052736842	0.947263158	0-5.3-94.7
322	PFBNC102	WRC222-001	20	36.1015896	-82.0403139	Sandbank Creek	0.001	0.5855	0.41355	0.1-58.6-41.4
324	PFBNC104	WRC225-001	20	36.136075	-82.221978	Spring Creek	1.00E-04	0.3185	0.68135	0-31.9-68.1
325	PFBNC105	WRC226-001	20	36.0048744	-82.0796566	Stagger Weed Creek	0.0011	0.39985	0.59895	0.1-40-59.9
326	PFBNC106	WRC227-001	20	35.8172014	-82.1783762	UT Little White Oak Creek	5.00E-05	0.19895	0.80095	0-19.9-80.1
327	PFBNC107	WRC235-001	20	35.511961	-83.0311825	Gaddis Branch	1.00E-04	0.0679	0.9321	0-6.8-93.2
328	PFBNC108	WRC236-001	20	35.5658324	-83.08157727	Hemphill Branch	0	0.0021	0.99785	0-0.2-99.8
329	PFBNC109	WRC242-001	20	35.439484	-82.9913905	Medford Branch	0.00025	0.01435	0.9854	0-1.4-98.5
330	PFBNC11	WRC250-001	20	35.4082192	-83.9945695	Shiny Creek	0	0	1	0-0-100
331	PFBNC110	WRC245-001	20	35.4113281	-83.016928	Old Bald Creek	0	0	1	0-0-100
332	PFBNC111	WRC249-001	15	35.335311	-82.889639	Sam Branch	0	1	0	0-100-0
333	PFBNC112	WRC254-001	20	35.458564	-83.085531	Winchester Creek	0	0	1	0-0-100
334	PFBNC113	WRC026-001	20	36.016006	-82.684572	(A) East Prong Hickey Fork	5.00E-05	0.0678	0.9321	0-6.8-93.2
335	PFBNC114	WRC027-001	20	35.4315423	-82.6826226	(B) Fletcher Creek	0	0.00015	0.99985	0-0-100
336	PFBNC115	WRC028-001	20	35.4346241	-82.68400165	(B) Spencer Branch	0	5.00E-05	0.99995	0-0-100
340	PFBNC119	WRC326-001	20	36.1950526	-81.9551761	Fall Creek	0	1	0	0-100-0
342	PFBNC120	WRC327-001	19	36.1854005	-81.7095864	Harrison Branch	5.26E-05	0.000263158	0.999684211	0-0-100
345	PFBNC123	WRC330-001	20	36.196714	-81.7076549	Laurel Fork	6.00E-04	0.0182	0.9812	0.1-1.8-98.1
346	PFBNC125	WRC339-001	20	36.2149634	-81.8216606	Worley Creek	0	0.00525	0.99475	0-0.5-99.5
347	PFBNC126	WRC036-001	19	35.1531241	-82.8544272	(K) Diamond Creek (above falls)	0	0.002105263	0.997842105	0-0.2-99.8
348	PFBNC127	WRC037-001	19	35.148	-82.841	(K) Diamond Creek (below falls)	0.001526316	0.456631579	0.541736842	0.2-45.7-54.2
353	PFBNC131	WRC043-001	20	35.317274	-82.7989204	Big Bearpen Branch	1.00E-04	0.051	0.94885	0-5.1-94.9
354	PFBNC132	WRC044-001	20	35.1263498	-82.7254991	Bradley Creek	0.19265	0.5917	0.21565	19.3-59.2-21.6
357	PFBNC135	WRC047-001	19	35.2452798	-82.8250315	Cathys Creek (above falls)	0.008368421	0.909894737	0.081789474	0.8-91-8.2
358	PFBNC136	WRC048-001	20	35.2279072	-82.8089636	Cedar Rock Creek	6.00E-04	0.5054	0.49395	0.1-50.5-49.4
360	PFBNC138	WRC054-001	20	35.1953627	-82.7006818	Hogsed Creek	0.00475	0.0138	0.98145	0.5-1.4-98.1
361	PFBNC139	WRC055-001	20	35.2269765	-82.8036075	Kagle Branch	0.00215	0.15025	0.8476	0.2-15-84.8
362	PFBNC14	WRC086-001	20	35.3011132	-82.7014008	North Prong Turkey Creek	0	0	1	0-0-100
363	PFBNC140	WRC056-001	19	35.2453111	-82.7890818	Kuykendall Creek	0.001105263	0.998894737	0	0.1-99.9-0
364	PFBNC141	WRC058-001	20	35.3211685	-82.8026481	Log Hollow Branch	0	1	0	0-100-0
365	PFBNC142	WRC059-001	20	35.3240283	-82.7897053	Looking Glass Creek	0	0.72035	0.27955	0-72-28
366	PFBNC144	WRC067-001	20	35.3017378	-82.803234	Rockhouse Creek	0	1	0	0-100-0
367	PFBNC145	WRC068-001	20	35.5621703	-82.3555376	Rocky Fork	1.00E-04	0.99955	0.00035	0-100-0
370	PFBNC148	WRC071-001	20	35.3216175	-82.6885368	Sutton Creek	0.0168	0.7141	0.26895	1.7-71.4-26.9
371	PFBNC149	WRC072-001	20	35.2333527	-82.8211449	Tarkiln Branch	0.0534	0.2873	0.6593	5.3-28.7-65.9
374	PFBNC152	WRC077-001	20	35.3352984	-82.8026901	UT Looking Glass Creek (@ Bennet Cove)	0.00055	0.4796	0.5198	0.1-48-52
377	PFBNC155	WRC080-001	20	35.3387483	-82.7923259	UT to Looking Glass Creek (@ Cherry Cove)	5.00E-05	0.6702	0.3298	0-67-33
378	PFBNC156	WRC081-001	20	35.148281	-82.594131	Wildcat Branch	0.1137	0.1937	0.6925	11.4-19.4-69.3
379	PFBNC157	WRC084-001	20	35.2791541	-82.88750234	Chestnut Creek	0	0	1	0-0-100
380	PFBNC158	D712-001	86	36.1187367	-81.785994	Boone Fork	0	0	1	0-0-100
381	PFBNC159	D904-001	48	35.65536	-82.41322	Left Fork Beetree Creek	0	0	1	0-0-100
382	PFBNC16	WRC088-001	20	35.720176	-82.8363434	UT Friezland Creek	0	0	1	0-0-100
383	PFBNC160	D905-001	40	35.66236	-82.29021	Flat Creek	0	0	1	0-0-100
384	PFBNC161	D908-001	40	35.72633	-82.33578	North Fork Swannanoa River	0	0	1	0-0-100
386	PFBNC17	WRC089-001	20	35.1317496	-82.633079	Walker Branch	0.08125	0.6504	0.26835	8.1-65-26.8
388	PFBNC19	WRC050-001	20	35.2919502	-82.815768	Cove Creek	0	0	1	0-0-100
389	PFBNC21	WRC238-001	20	35.520511	-83.1329804	Indian Creek	0	0	1	0-0-100
391	PFBNC23	WRC034-001	20	35.1911007	-82.8208899	(J) Sawmill Creek (above falls)	0	0	1	0-0-100
392	PFBNC24	WRC371-001	20	35.088828	-82.756712	South Prong Glady Fork	0.05915	0.0233	0.91755	5.9-2.3-91.8
393	PFBNC25	WRC372-001	20	35.089306	-82.741648	Jane Cantrell Creek	0.00155	0	0.99845	0.2-0-99.8
394	PFBNC26	WRC373-001	20	35.108285	-82.701368	Hickory Flat Creek	0	1	0	0-100-0
396	PFBNC28	WRC382-001	20	35.120125	-82.75003	Laurel Branch (Murr Creek) Above Falls	0.1387	0.16045	0.70085	13.9-16-70.1
398	PFBNC3	WRC064-001	20	35.3536568	-82.7777478	Pigeon Branch	0	0.95715	0.0428	0-95.7-4.3
400	PFBNC31	WRC042-001	20	35.462239	-82.689914	Beaverdam Creek	0	0	1	0-0-100
401	PFBNC32	WRC051-001	20	35.1232614	-82.7047303	East Fork French Broad River	2.00E-04	0	0.9998	0-0-100
403	PFBNC34	WRC057-001	19	35.361242	-82.683317	Laurel Creek	0	0	1	0-0-100
404	PFBNC35	WRC060-001	20	35.756372	-82.946969	Maple Springs Branch	0	0	1	0-0-100
405	PFBNC36	WRC062-001	20	35.798753	-82.368792	North Fork Ivy Creek	0	0	1	0-0-100
407	PFBNC38	WRC065-001	20	35.6694559	-82.3930353	Right Fork Beetree Creek	0	0	1	0-0-100
408	PFBNC39	WRC066-001	20	35.815297	-82.938686	Roaring Fork	0	6.00E-04	0.9994	0-0.1-99.9
409	PFBNC4	WRC090-001	20	35.33193	-82.65082	Woody Branch	0	0	1	0-0-100
412	PFBNC42	WRC082-001	20	35.3314292	-82.6493749	Woody Branch	0	0	1	0-0-100
413	PFBNC43	WRC085-001	20	35.2584604	-82.7535622	Mine Branch	0	0	1	0-0-100
414	PFBNC44	WRC189-001	20	35.87624	-82.234827	Ayles Creek	0	0	1	0-0-100
415	PFBNC45	WRC190-001	20	35.9652732	-82.4749537	Bald Mountain Creek	0	0	1	0-0-100
416	PFBNC46	WRC196-001	20	36.0968006	-82.1012793	Carvers Gap Creek	0	0	1	0-0-100
418	PFBNC48	WRC198-001	20	35.9602071	-82.0517815	Gouges Creek	0	0	1	0-0-100
419	PFBNC49	WRC200-001	20	36.083408	-82.115417	Holder Creek	0	0	1	0-0-100
420	PFBNC5	WRC230-001	20	35.4080126	-83.0011615	Cherry Cove Creek	0	0	1	0-0-100
421	PFBNC50	WRC201-001	20	36.082267	-82.063001	Jerry Creek	0	3.00E-04	0.9997	0-0-100
422	PFBNC51	WRC203-001	20	36.0956264	-82.0985289	Johns Camp Branch	0	0	1	0-0-100
423	PFBNC52	WRC204-001	20	35.9845092	-82.044634	Jones Creek	0	0	1	0-0-100
424	PFBNC53	WRC209-001	20	36.121701	-82.160219	Lyddies Creek	0	0	1	0-0-100
426	PFBNC55	WRC212-001	20	35.7970579	-82.2825554	Ogle Creek	0	0	1	0-0-100
427	PFBNC56	WRC214-001	20	35.7731193	-82.3226384	Raven Fork	0	0	1	0-0-100
428	PFBNC57	WRC218-001	20	36.116242	-82.050094	Roaring Creek	0	0	1	0-0-100
429	PFBNC58	WRC220-001	20	35.8482545	-82.2108422	Roaring Spout Branch (Above Falls)	0	0	1	0-0-100
431	PFBNC6	WRC231-001	20	35.4144916	-83.9934787	Deep Gap Creek	0	0	1	0-0-100
433	PFBNC61	WRC228-001	20	35.382768	-82.8093472	Bee Branch	0	0	1	0-0-100
435	PFBNC63	WRC232-001	19	35.4134934	-82.9919913	Deep Gap Creek	0	0	1	0-0-100
436	PFBNC64	WRC233-001	20	35.5284956	-83.1522215	Deep Gap Creek	0	0	1	0-0-100
437	PFBNC65	WRC234-001	20	35.54362	-83.1043	Fie Creek	1.00E-04	0.0077	0.9923	0-0.8-99.2
438	PFBNC66	WRC239-001	20	35.5044723	-83.0939977	Johnson Branch	0	0	1	0-0-100
439	PFBNC67	WRC240-001	20	35.5194154	-83.158788	Long Branch	0	0	1	0-0-100
440	PFBNC68	WRC241-001	20	35.5350548	-83.1629576	Mashie Stomp Creek	0	0	1	0-0-100
441	PFBNC69	WRC244-001	20	35.435672	-82.934283	Nix Creek	0	0	1	0-0-100
442	PFBNC7	WRC237-001	20	35.400362	-82.7949057	Hungry Creek	0	0	1	0-0-100
443	PFBNC70	WRC247-001	20	35.4815135	-83.0456402	Plott Creek	0	0	1	0-0-100
444	PFBNC71	WRC248-001	20	35.4263574	-83.0215477	Rocky Branch	0	0	1	0-0-100
445	PFBNC72	WRC251-001	20	35.4159817	-83.0244455	Steestachee Creek	0	0	1	0-0-100
446	PFBNC73	WRC255-001	20	35.5108696	-83.1468679	Wolf Laurel Branch	0	3.00E-04	0.9997	0-0-100
447	PFBNC74	WRC325-001	20	36.3214084	-81.7397625	Ellison Branch	0	0	1	0-0-100
448	PFBNC75	WRC328-001	20	36.1862318	-81.7095216	Harrison Branch	0	0	1	0-0-100
449	PFBNC77	WRC333-001	20	36.3274908	-81.7776488	North Fork Cove Creek	5.00E-05	3.00E-04	0.99965	0-0-100
450	PFBNC78	WRC334-001	20	36.1556859	-81.8987786	Ramp Branch	0	0	1	0-0-100
451	PFBNC79	WRC335-001	20	36.1253758	-81.8201683	Shanty Spring Branch	0	0	1	0-0-100
452	PFBNC80	WRC337-001	20	36.1505828	-81.9007725	UT to Elk River (upstream of Ramp Branch)	0	0.0494	0.9506	0-4.9-95.1
453	PFBNC81	WRC365-001	20	35.4886448	-83.1133433	East Fork Campbell Creek	0	0	1	0-0-100
454	PFBNC82	WRC367-001	20	35.449162	-82.7433732	Stony Fork	0	0	1	0-0-100
455	PFBNC83	WRC368-001	20	35.3007729	-82.8198306	UT Cove Creek	0	0	1	0-0-100
457	PFBNC86	WRC192-001	20	35.740517	-82.21605	Big Lost Cove Creek	0	1.00E-04	0.9999	0-0-100
458	PFBNC87	WRC193-001	20	35.7732736	-82.2913318	Big Poplar Creek	0.0049	0.00035	0.99465	0.5-0-99.5
460	PFBNC89	WRC195-001	20	36.095653	-82.187814	Broad Branch	5.00E-05	0.0232	0.97675	0-2.3-97.7
462	PFBNC90	WRC199-001	20	35.710219	-82.251292	Hemphill Creek	0.00405	0.30865	0.68725	0.4-30.9-68.7
464	PFBNC92	WRC205-001	20	36.073842	-82.096161	Little Rock Creek	5.00E-05	0.0373	0.9627	0-3.7-96.3
465	PFBNC93	WRC206-001	20	35.8202383	-82.1830178	Little Whiteoak Creek	0.00035	0.4618	0.5377	0-46.2-53.8
466	PFBNC94	WRC207-001	20	35.8209539	-82.183294	Little Whiteoak Creek	0.00015	0.31865	0.6812	0-31.9-68.1
467	PFBNC95	WRC208-001	20	35.734181	-82.237019	Lower Creek	0.00475	0.73835	0.25685	0.5-73.8-25.7
468	PFBNC96	WRC210-001	20	35.7431237	-82.2121026	Neals Creek	2.00E-04	0.7832	0.21655	0-78.3-21.7
469	PFBNC97	WRC213-001	19	35.9954945	-82.0266517	Pyatt Creek	0.07	0.096842105	0.833263158	7-9.7-83.3
470	PFBNC98	WRC215-001	20	36.077086	-82.087278	Reuban Creek	0	0	1	0-0-100
471	PFBNC99	WRC216-001	20	36.0899691	-82.2272378	Right Fork Beans Creek	0	0.01065	0.98935	0-1.1-98.9
472	SCS1	LR_2013_331	30	35.599257	-83.49679	Sweet Creek Site 1	0	0	1	0-0-100
473	SiCS2	FC_2014_188	50	35.580724	-83.567498	Silers Creek Site 2	0	0	1	0-0-100
474	STB	LR_2013_361	30	35.589128	-83.514027	Spud Town Branch	0	0	1	0-0-100
475	TN01	TN01-001	34	36.19179	-82.10446	George Creek	0	0	1	0-0-100
476	TN02	TN02-001	34	36.17373	-82.21049	Clarke Creek	0	0	1	0-0-100
477	TN03	TN03-001	32	36.12929	-82.09356	Toms Creek	0	0	1	0-0-100
478	TN04	TN04-001	50	36.1452	-82.04849	Left Prong Hampton Creek (lower)	0	0	1	0-0-100
479	TN05	TN05-001	50	36.13995	-82.04641	Left Prong Hampton Creek (upper)	0	0	1	0-0-100
480	TN09	TN09-001	15	35.80358	-83.02765	Deep Gap Creek	0.000733333	0	0.999266667	0.1-0-99.9
481	TN10	TN10-001	30	36.1481741	-82.1020676	Five Poplar Branch	0	0	1	0-0-100
482	TN11	TN11-001	36	35.27136	-84.13839	Bald River	0	0.006722222	0.993277778	0-0.7-99.3
483	TN12	TN12-001	36	35.27077	-84.13883	Brookshire Creek	0	0.000555556	0.999444444	0-0.1-99.9
489	TN07	TN07-001	21	36.4715	-81.97623	Lindy Camp Branch	0	0	1	0-0-100
491	TN16	TN16-001	22	36.46861	-81.97776	Big Spur Branch	0	0	1	0-0-100
492	TN17	TN17-001	22	36.48027	-81.97548	Bakers Ridge Creek	0	0	1	0-0-100
493	TN20	TN20-001	20	36.60794	-81.6842	Whetstone Branch	0	0	1	0-0-100
494	TN08	TN08-001	21	36.61068	-81.65772	Bearpen Branch	0	0	1	0-0-100
495	TN108	TN108-001	30	35.798245	-82.998145	Middle Prong Gulf Ck.	0.001933333	1.00E-04	0.998	0.2-0-99.8
496	TN109	TN109-001	30	35.790545	-83.00505	Brown Gap Creek	0.010733333	0	0.989266667	1.1-0-98.9
497	TN110	TN110-001	30	35.87983	-82.95747	Dry Fork	0	0	1	0-0-100
498	TN111	TN111-001	30	35.86268	-82.92706	Wolf Creek	4.00E-04	0.009233333	0.990366667	0-0.9-99
499	TN112	TN112-001	30	35.95184	-82.827325	Sawmill Branch	0	0	1	0-0-100
500	TN122	TN122-001	30	36.560025	-81.709925	Gentry Creek	0	0	1	0-0-100
501	TN021	TN021-001	30	35.356325	-84.06547	Falls Branch	0	1	0	0-100-0
502	TN025	TN025-001	20	35.33309	-84.05855	Sugar Cove Branch	0.37315	0.5982	0.02865	37.3-59.8-2.9
503	TN065	TN065-001	30	36.069215	-82.596455	Ft. Davie Creek	0.0696	0.7638	0.1666	7-76.4-16.7
504	TN084	TN084-001	30	36.063575	-82.59212	Rocky Fork	0.093366667	0.2653	0.641266667	9.3-26.5-64.1
505	BarboursCreek	VA02-001	20	37.595815	-80.087905	Barbours Creek	0.9969	0.00295	1.00E-04	99.7-0.3-0
506	EwinsRun	VA03-001	20	37.539766	-80.293413	Ewins Run	0.997	0.00285	0.00015	99.7-0.3-0
507	PicklesBranch	VA04-001	20	37.381798	-80.191154	Pickles Branch	0.9999	1.00E-04	0	100-0-0
508	PaulsCreek	VA15-001	19	36.644512	-80.695658	Pauls Creek	0.001421053	0	0.998578947	0.1-0-99.9
509	PDER1	WRC344-001	20	36.1995485	-81.5754174	Elk Creek	5.00E-05	0.00575	0.9942	0-0.6-99.4
510	PDER10	WRC346-001	18	36.436478	-81.074403	Horse Cove Branch	0	0	1	0-0-100
511	PDER11	WRC347-001	20	36.1049213	-81.542613	Joes Fork	0	0	1	0-0-100
512	PDER12	WRC348-001	20	36.1775762	-81.5366649	Laurel Creek	0	1.00E-04	0.99985	0-0-100
513	PDER13	WRC349-001	20	36.2654934	-81.4159139	Little Fork	0	0	1	0-0-100
514	PDER14	WRC350-001	10	36.449842	-80.943961	Long Creek	0	0	1	0-0-100
515	PDER15	WRC351-001	19	36.264472	-81.398458	North Prong Lewis Fork	5.26E-05	0	0.999947368	0-0-100
516	PDER16	WRC352-001	20	36.0942326	-81.6082065	Ooten Creek	0	0	1	0-0-100
518	PDER18	WRC354-001	20	36.1298035	-81.5893463	Rockhouse Creek	0	0	1	0-0-100
519	PDER19	WRC355-001	20	36.1674302	-81.5537206	South Fork Laurel Creek	0	0	1	0-0-100
520	PDER2	WRC358-001	20	36.3966103	-81.1151767	UT Harris Creek	0	0	1	0-0-100
524	PDER23	WRC357-001	20	36.448497	-80.961789	Stewart Fork	0.02785	0.00085	0.97125	2.8-0.1-97.1
525	PDER24	WRC361-001	20	36.1151725	-81.6361518	UT Yadkin River (@ Caldwell/Watauga Co. line @ SR 1500)	0.00025	0	0.99975	0-0-100
526	PDER25	D704-001	26	36.1246884	-81.6368065	Martin Branch	0.001730769	0	0.998269231	0.2-0-99.8
527	PDER26	D705-001	25	36.1181424	-81.6302791	Yadkin River	8.00E-05	0	0.99992	0-0-100
529	PDER3	WRC360-001	20	36.4397214	-80.9656906	UT Mitchell River (@ Surry/Alleghany Co. line)	0	0	1	0-0-100
530	PDER4	WRC364-001	20	36.4198925	-81.1152104	UT Garden Creek	0	0	1	0-0-100
531	PDER5	WRC340-001	20	36.1235508	-81.5949909	(B) Spanish Oak Branch	0	0	1	0-0-100
532	PDER6	WRC341-001	20	36.431669	-80.952903	Bear Creek (UT Mitchell R. on Devotion Estate)	0.0034	0	0.9966	0.3-0-99.7
534	PDER8	WRC343-001	20	36.1501125	-81.5394676	Dugger Creek	0	0	1	0-0-100
535	PDER9	WRC345-001	20	36.3989175	-81.1229172	Harris Creek	0	0	1	0-0-100
536	SFStewartsCreek	VA16-001	24	36.592978	-80.79188	SF Stewarts Creek	0	0	1	0-0-100
537	FridleyGap2010	AW1-001	30	38.497356	-78.717291	Mountain Run	0.998266667	0.000366667	0.001366667	99.8-0-0.1
538	DryRun2010	AW1-031	30	38.558933	-79.092305	Dry Run, N.F.	0.9998	0.00016	0	100-0-0
539	SkidmoreFork2010	AW1-061	30	38.366106	-79.207234	Skidmore fork North River, N.F.	0.971551724	0.028448276	0	97.2-2.8-0
540	ElkCreek2012	AW1-091	30	37.56566	-79.48229	East Fork Elk Creek	0.99975	4.17E-05	0.000208333	100-0-0
541	LittleStonyCreek2013	AW2-025	30	38.94517	-78.63751	Little Stony Creek	0	0	1	0-0-100
542	LittleWilsonCreek2012	AW2-055	21	37.98309	-79.75844	Little Wilson Creek	0.9991875	0	0.0008125	99.9-0-0.1
543	NorthForkTyeRiver2012	AW2-085	30	37.87248	-79.05521	North Fork Tye River	0.964833333	0.003466667	0.0317	96.5-0.3-3.2
544	NobusinessCreek2013	AW3-019	30	37.24217	-80.90196	No Business Creek	0.0228	0.001	0.976066667	2.3-0.1-97.6
545	CarrickCreek	AW4-001	25	35.033222	-82.702944	Carrick Creek	0.021565217	0.462043478	0.516391304	2.2-46.2-51.6
546	EmoryCreek	AW4-031	28	35.033139	-82.761028	Emory Creek	0.00572	0.07912	0.91512	0.6-7.9-91.5
547	FallsCreek	AW4-061	30	35.143528	-82.538944	Falls Creek	0.0025	0.035233333	0.962233333	0.3-3.5-96.2
548	MathewsCreek	AW4-091	21	35.101444	-82.666	Matthews Creek	0.153904762	0.843857143	0.002238095	15.4-84.4-0.2
549	D707	D707-001	20	36.293816	-81.602125	UT South Fork New River	0.00105	0	0.99895	0.1-0-99.9
550	D708	D708-001	54	36.27005	-81.45564	UT West Fork Pine Swamp Creek	0.0075	7.41E-05	0.992407407	0.8-0-99.2
551	D709	D709-001	54	36.26992	-81.45647	West Fork Pine Swamp Creek	0.000314815	0	0.999685185	0-0-100
553	D711	D711-001	48	36.289919	-81.43763	East Fork Pine Swamp Creek	0.000229167	2.08E-05	0.99975	0-0-100
554	POAR1	POAR1-01	50	39.6659	-77.5459	Edgemont Reservoir	0.99748	0.00054	0.00198	99.7-0.1-0.2
555	POCA1	POCA1-001	23	39.1218	-78.5043	Hawk Run	0.999565217	0.000434783	0	100-0-0
556	PONB1	PONB1-01	49	39.56505	-79.1526	Big Run	0.99077551	0.008326531	0.000897959	99.1-0.8-0.1
557	PONB10	MD35-001	50	39.565446	-79.107979	Mainstem Savage River	0.99144	0.00022	0.00832	99.1-0-0.8
558	PONB11	MD36-001	50	39.586382	-79.095378	Poplar Lick	0.99936	4.00E-04	0.00022	99.9-0-0
559	PONB12	MD37-001	50	39.62059	-79.066713	Blue Lick	0.99398	0.00566	0.00038	99.4-0.6-0
560	PONB2	PONB2-01	49	39.60631	-79.12489	Poplar Lick	0.967755102	0.000122449	0.032122449	96.8-0-3.2
561	PONB3	PONB3-01	49	39.51775	-79.16868	Middle Fork Crabtree Creek	0.995510204	0.001959184	0.002510204	99.6-0.2-0.3
562	PONB4	PONB4-01	50	39.37217	-79.25085	Lostland Run	0.98234	4.00E-05	0.01762	98.2-0-1.8
563	PONB5	PONB5-01	48	39.26321	-79.38213	Hindleg Run	0.9999375	0	6.25E-05	100-0-0
564	PONB6	PONB6-01	50	39.52621	-79.04156	Mill Run	0.9965	0	0.0035	99.7-0-0.4
565	PONB7	PONB7-001	30	39.27408	-79.31303	Difficult Creek	0.993033333	0.003333333	0.003666667	99.3-0.3-0.4
566	PONB8	PONB8-001	29	39.6443	-78.9357	Sand Spring Run	0.80562069	0.193206897	0.001172414	80.6-19.3-0.1
567	PONB9	MD34-001	50	39.594986	-79.051875	Little Savage River	0.99738	8.00E-05	0.00252	99.7-0-0.3
568	POSB1	POSB1-001	49	38.6474	-79.5013	Teter Camp Run	0.958244898	0.008530612	0.033204082	95.8-0.9-3.3
569	POSB2	POSB2-01	25	38.8696	-79.4718	Horse Camp Run	0.99424	0.00032	0.00544	99.4-0-0.5
570	POSB3	POSB3-001	23	38.8793	-79.3423	Sawmill Run	0.936521739	0.044391304	0.019086957	93.7-4.4-1.9
571	POSB4	POSB4-001	27	38.8789	-79.34	Powdermill Run	0.988592593	0.010444444	0.000962963	98.9-1-0.1
572	POSB5	POSB5-001	20	38.9092	-79.3258	Zeke Run	1	0	0	100-0-0
573	POSB6	POSB6-001	30	39.2597	-78.7537	Mill Run	1	0	0	100-0-0
574	POSB7	POSB7-001	30	38.9359	-79.3071	High Ridge Run	0.889833333	4.00E-04	0.1097	89-0-11
575	POSB8	POSB8-001	30	38.9718	-79.2837	Samuel Run	0.995733333	0.000166667	0.0041	99.6-0-0.4
577	POSH10	POSH10-001	100	38.2685	-78.7011	Big Run	0.99982	1.00E-04	8.00E-05	100-0-0
578	POSH11	POSH11-001	50	38.3127	-78.6305	U. Hawksbill Creek	0.9991	3.00E-04	0.00054	99.9-0-0.1
579	POSH12	POSH12-01	48	38.3685	-78.5602	Lee Run	1	0	0	100-0-0
580	POSH13	POSH13-02	43	38.3326	-78.5982	Eaton Hollow	0.939162791	0.060744186	6.98E-05	93.9-6.1-0
581	POSH14	POSH14-01	29	38.6329	-78.3432	Dry Run, N.F.	0.982689655	0.000103448	0.017137931	98.3-0-1.7
582	POSH15	POSH15-31	29	38.6329	-78.3432	Dry Run, N.F.	0.997413793	3.45E-05	0.002551724	99.7-0-0.3
583	POSH16	POSH16-01	50	38.4318	-78.5374	S. Br. Naked Creek -1	0.99812	0.00186	2.00E-05	99.8-0.2-0
584	POSH17	POSH17-01	50	38.4209	-78.5202	S. Br. Naked Creek -2	0.99938	0.00062	0	99.9-0.1-0
585	POSH18	POSH18-001	50	38.4886	-78.4988	W. Br. Naked Creek	0.99906	0.00094	0	99.9-0.1-0
586	POSH19	POSH19-001	50	38.4935	-78.4595	E. Br. Naked Creek	1	0	0	100-0-0
588	POSH20	POSH20-01	38	38.4633	-78.4955	Big Creek	0.999815789	0.000157895	2.63E-05	100-0-0
589	POSH21	POSH21-01	33	38.5021	-78.5127	Harris Cove	0.99969697	0.000272727	0	100-0-0
590	POSH22	POSH22-01	25	38.5087	-78.5398	Fultz Run	0.99872	0.00124	4.00E-05	99.9-0.1-0
591	POSH23	POSH23-01	49	38.5198	-78.4459	Lewis Spring Branch	0.999938776	2.04E-05	2.04E-05	100-0-0
592	POSH24	POSH24-001	50	38.5456	-78.4286	Little Hawksbill Creek	0.9996	0.00038	2.00E-05	100-0-0
593	POSH25	POSH25-01	50	38.5524	-78.4134	Big Fill Hollow	0.789	0.20796	0.00298	78.9-20.8-0.3
594	POSH26	POSH26-001	50	38.5621	-78.3903	East Hawksbill Creek	0.98014	0	0.01986	98-0-2
595	POSH27	POSH27-01	50	38.6057	-78.3806	S. Fork Dry Run	0.99976	0	0.00024	100-0-0
596	POSH28	POSH28-001	35	38.6519	-78.3551	Pass Run	0.993371429	0.006571429	5.71E-05	99.3-0.7-0
597	POSH29	POSH29-036	20	38.6519	-78.3551	Pass Run	0.976	0.024	0	97.6-2.4-0
598	POSH3	POSH3-001	50	38.1596	-78.7912	Meadow Run	0.9993	0.00032	0.00036	99.9-0-0
599	POSH30	POSH30-001	50	38.7523	-78.3092	Jeremy's Run	0.98218	0.01764	0.00016	98.2-1.8-0
600	POSH31	POSH31-01	50	38.7776	-78.3323	Heiskell Hollow	0.9712	0.02822	0.00056	97.1-2.8-0.1
601	POSH32	POSH32-01	50	38.7838	-78.3014	Overall Run	0.99198	0.00066	0.00732	99.2-0.1-0.7
604	POSH35	POSH35-01	41	38.7726	-78.2678	Greasy Run, site 2	0.699317073	0.300658537	2.44E-05	69.9-30.1-0
605	POSH36	POSH36-01	50	38.7752	-78.2472	Gooney Run	0.89604	0.09912	0.0048	89.6-9.9-0.5
606	POSH37	POSH37-01	9	38.8084	-78.1923	Smith Creek	0.821111111	0.178666667	0	82.1-17.9-0
607	POSH38	POSH38-01	40	38.8278	-78.1881	Lands Run	0.927175	0.06815	0.004675	92.7-6.8-0.5
608	POSH39	POSH39-001	30	38.7985	-78.8679	Capon Run	0.922733333	0.077266667	0	92.3-7.7-0
609	POSH4	POSH4-001	49	38.2098	-78.7519	Paine Run	1	0	0	100-0-0
610	POSH40	SH66-001	25	38.13821	-78.80693	Big Mine Branch	0.9998	2.00E-04	4.00E-05	100-0-0
611	POSH41	SH70-001	30	38.6279	-78.35774	Dry Run, N.F.	0.999966667	0	3.33E-05	100-0-0
612	POSH42	SH71-001	30	38.56708	-78.39623	East Hawksbill Creek	0.9993	0	7.00E-04	99.9-0-0.1
613	POSH43	SH77-001	30	38.54181	-78.4257	Little Hawksbill Creek	0.997	3.33E-05	0.002966667	99.7-0-0.3
614	POSH44	SH87-001	30	38.6129	-78.3781	S. Fork Dry Run	1	0	0	100-0-0
615	POSH45	SH88-001	25	38.36557	-78.57957	West Swift Run	1	0	0	100-0-0
616	POSH5	POSH5-001	25	38.2497	-78.7424	Madison Run	0.9612	0	0.0388	96.1-0-3.9
618	POSH8	POSH8-001	49	38.3144	-78.6732	Onemile Run	1	0	0	100-0-0
619	POSH9	POSH9-001	50	38.321	-78.6567	Twomile Run	0.99998	2.00E-05	0	100-0-0
620	JAMR1	JAMR1-01	50	38.2417	-78.6889	Doyle's R.	0.91984	0.07966	5.00E-04	92-8-0.1
621	JAMR2	JAMR2-001	49	38.2069	-78.7266	N. Fork Moorman R.	0.404653061	0.593795918	0.001510204	40.5-59.4-0.2
622	JARR1	JARR1-001	25	38.3461	-78.5184	Swift Run	0.45032	0.5376	0.01208	45-53.8-1.2
623	JARR2	JARR2-01	49	38.2794	-78.6402	Ivy Creek	0.961326531	0.038489796	0.000183673	96.1-3.8-0
624	JARR3	SH75-001	25	38.2788	-78.62369	Ivy Creek Tributary	0.99988	0.00012	4.00E-05	100-0-0
625	RAPH1	RAPH1-01	50	38.7574	-78.2304	Waterfall Branch	0.60744	0.39246	1.00E-04	60.7-39.2-0
626	RAPH10	RAPH10-001	50	38.602	-78.3429	Hughes R.	0.98234	0.01766	0	98.2-1.8-0
627	RAPH11	RAPH11-051	73	38.602	-78.3429	Hughes R.	0.989616438	0.010328767	4.11E-05	99-1-0
628	RAPH12	RAPH12-01	23	38.5746	-78.3305	Brokenback Run	0.964913043	0.035043478	4.35E-05	96.5-3.5-0
629	RAPH13	RAPH13-01	44	38.5373	-78.3052	Ragged Run	1	0	0	100-0-0
630	RAPH14	SH73-001	30	38.60539	-78.31641	Hannah Run	1	0	0	100-0-0
631	RAPH15	SH74-001	30	38.6039	-78.33224	Hughes Trib	1	0	0	100-0-0
632	RAPH16	SH80-001	30	38.6028	-78.34771	Nicholson Hollow	1	0	0	100-0-0
635	RAPH2	RAPH2-01	50	38.7478	-78.2628	Keyser Run	0.72972	0.24932	0.02096	73-24.9-2.1
636	RAPH3	RAPH3-01	50	38.7132	-78.2785	Piney R.	0.96688	0.02758	0.00552	96.7-2.8-0.6
637	RAPH4	RAPH4-01	49	38.7016	-78.2894	N. Fork Thornton	0.876938776	0.122877551	0.000102041	87.7-12.3-0
638	RAPH5	RAPH5-51	25	38.6597	-78.286	S. Fork Thornton	0.99532	0.00468	0	99.5-0.5-0
639	RAPH6	RAPH6-001	50	38.6352	-78.278	Hazel R.	0.38834	0.61166	0	38.8-61.2-0
640	RAPH7	RAPH7-01	25	38.6013	-78.285	Broad Hollow Run	0.5588	0.4412	0	55.9-44.1-0
641	RAPH8	RAPH8-001	40	38.6074	-78.3162	Hannah Run	1	0	0	100-0-0
642	RAPH9	RAPH9-041	25	38.6074	-78.3162	Hannah Run	0.9948	0.0052	0	99.5-0.5-0
643	RAPJ1	RAPJ1-01	50	38.8264	-78.1595	Indian Run	0.93298	0.06638	0.00064	93.3-6.6-0.1
644	RAPJ2	RAPJ2-001	50	38.8066	-78.1555	Bolton Branch	0.94936	0.01816	0.03248	94.9-1.8-3.2
645	RAPJ3	RAPJ3-01	50	38.7729	-78.1659	Jordan R.	0.92712	0.07288	0	92.7-7.3-0
647	RAPR10	RAPR10-051	50	38.4472	-78.3651	Rapidan R.	0.99572	0.00428	0	99.6-0.4-0
648	RAPR11	RAPR11-01	49	38.4666	-78.4428	Conway	1	0	0	100-0-0
649	RAPR12	RAPR12-01	50	38.4376	-78.4685	Devil's Ditch	0.99908	0.00092	0	99.9-0.1-0
650	RAPR13	RAPR13-01	25	38.4148	-78.4701	Pocosin Hollow Run	1	0	0	100-0-0
651	RAPR14	RAPR14-01	25	38.3797	-78.5055	South R.	1	0	0	100-0-0
652	RAPR15	SH67-001	25	38.45095	-78.44411	Bush Mountain Stream	0.99996	0	4.00E-05	100-0-0
653	RAPR16	SH68-001	30	38.54372	-78.37149	Cedar Run	1	0	0	100-0-0
654	RAPR17	SH69-001	30	38.50457	-78.40163	Dark Hollow	1	0	0	100-0-0
655	RAPR18	SH72-001	25	38.3916	-78.47795	Entry Run	1	0	0	100-0-0
656	RAPR19	SH76-001	30	38.48337	-78.43376	Laurel Prong	0.9993	7.00E-04	0	99.9-0.1-0
657	RAPR2	RAPR2-01	24	38.5635	-78.3638	White Oak Canyon Run	0.976083333	0.023583333	0.000375	97.6-2.4-0
658	RAPR20	SH78-001	30	38.50017	-78.43459	Mill Prong	1	0	0	100-0-0
659	RAPR21	SH79-001	30	38.5704	-78.35266	Negro Run	1	0	0	100-0-0
662	RAPR24	SH83-001	30	38.41675	-78.47255	Pocosin Hollow Run	1	0	0	100-0-0
663	RAPR25	SH86-001	30	38.5346	-78.41011	Rose River	1	0	0	100-0-0
664	RAPR26	SH89-001	30	38.57729	-78.37114	White Oak Canyon Run	1	0	0	100-0-0
665	RAPR3	RAPR3-01	25	38.5471	-78.3754	Cedar Run	1	0	0	100-0-0
666	RAPR4	RAPR4-001	50	38.533	-78.4093	Rose R.	1	0	0	100-0-0
667	RAPR5	RAPR5-051	50	38.533	-78.4093	Rose R.	0.99974	0.00026	2.00E-05	100-0-0
668	RAPR6	RAPR6-001	50	38.5227	-78.42	Hogcamp Branch	0.96614	0.03386	0	96.6-3.4-0
669	RAPR7	RAPR7-001	45	38.4644	-78.4115	Staunton R.	1	0	0	100-0-0
670	RAPR8	RAPR8-051	39	38.4644	-78.4115	Staunton R.	1	0	0	100-0-0
671	RAPR9	RAPR9-001	50	38.4472	-78.3651	Rapidan R.	0.9687	0.03126	4.00E-05	96.9-3.1-0
673	SANR10	WRC008-001	20	36.075153	-81.786286	Bucks Timber Creek	0	0	1	0-0-100
675	SANR12	WRC010-001	20	35.9847383	-81.856655	Harper Creek	0.015	5.00E-05	0.98495	1.5-0-98.5
676	SANR13	WRC013-001	20	36.0941433	-81.6457927	Left Fork Mulberry Creek	0.0099	0.0031	0.987	1-0.3-98.7
677	SANR14	WRC014-001	20	36.0909312	-81.7941819	Little Wilson Creek	0	0	1	0-0-100
678	SANR15	WRC015-001	20	36.067003	-81.630581	Mulberry Creek	0	0	1	0-0-100
680	SANR17	WRC017-001	20	35.9596683	-81.888163	Upper Creek	0.00025	0.08085	0.91895	0-8.1-91.9
681	SANR18	WRC018-001	20	36.0896361	-81.7737879	UT Anthony Creek (@ Headwaters Club)	0	0	1	0-0-100
682	SANR19	WRC020-001	20	35.9413001	-81.863064	UT Steels Creek (@ USFS Rd. 496)	0.0191	0.19405	0.78675	1.9-19.4-78.7
683	SANR2	WRC011-001	20	35.596247	-81.706086	Henry Fork	0	1	0	0-100-0
684	SANR20	WRC021-001	20	36.0894111	-81.8022855	Wilson Creek	0	0	1	0-0-100
686	SANR22	WRC002-001	20	35.183939	-82.531411	Uncles Creek (above falls)	0	1	0	0-100-0
687	SANR23	WRC392-001	36	35.893897	-81.97595	UT Honeycutt Creek	0	0	1	0-0-100
690	SANR4	WRC019-001	20	35.9573661	-81.9253382	UT Linville River	0	5.00E-05	0.99995	0-0-100
691	SANR5	WRC006-001	20	35.793128	-82.141186	Bee Rock Creek	0.0013	0	0.9987	0.1-0-99.9
695	SANR9	WRC007-001	20	35.907003	-81.860933	Buck Creek	0	0.99995	5.00E-05	0-100-0
697	SAV_GA1	GA01-001	38	34.987823	-83.272426	Ammons Creek	0	0	1	0-0-100
698	SAV_GA10	GA10-001	30	34.953095	-83.539133	Flat Branch	0	0	1	0-0-100
699	SAV_GA12	GA12-001	30	34.911669	-83.313096	Tuckaluge Creek	6.67E-05	0	0.999933333	0-0-100
700	SAV_GA22	GA22-001	30	34.860172	-83.644773	Perry Cove	0.189866667	0.117233333	0.692966667	19-11.7-69.3
701	SAV_GA23	GA23-001	30	34.883037	-83.604608	Lindsey Branch	0	0	1	0-0-100
702	SAV_GA8	GA08-001	30	34.869109	-83.622943	North Moccasin Creek	0.0061	0.0319	0.962	0.6-3.2-96.2
704	SAVR10	WRC265-001	20	35.0458446	-83.0576443	UT Whitewater River (@Heady Mtn. Gap)	0.00025	0.22485	0.7749	0-22.5-77.5
705	SAVR11	WRC266-001	16	35.017875	-83.2746057	West Fork Overflow Creek	0.0095625	0.8583125	0.132	1-85.8-13.2
708	SAVR4	WRC257-001	20	35.0258694	-83.2390669	East Fork Overflow Creek (above and below Glenn Falls)	5.00E-04	0.19815	0.80125	0.1-19.8-80.1
709	SAVR5	WRC258-001	20	35.0112651	-83.1217918	Glade Creek	0.00175	0	0.99825	0.2-0-99.8
710	SAVR6	WRC259-001	16	35.16205	-82.928467	Indian Creek	0.000125	0.913875	0.085875	0-91.4-8.6
712	SAVR8	WRC263-001	20	35.0799787	-82.9970572	UT Thompson River (@NC 281 above Reid Creek)	0.00055	0.4207	0.5787	0.1-42.1-57.9
714	SC01	SC01-001	60	34.962301	-83.097877	King Creek	0	0	1	0-0-100
715	SC02	SC02-001	60	34.942555	-83.09442	Crane Creek	0	0	1	0-0-100
717	IOWR1	IOWR1-001	53	43.4179	-91.9378	South Pine Creek	0.046867925	0.951773585	0.001396226	4.7-95.2-0.1
718	ISRO1	ISRO1-001	28	47.9335	-89.1055	Washington Creek	0.457964286	0.537785714	0.004178571	45.8-53.8-0.4
719	ISRO2	ISRO2-001	29	47.9212	-89.0752	Grace Creek	0.238896552	0.753448276	0.007586207	23.9-75.3-0.8
721	ISRO4	ISRO4-001	56	48.1127	-88.5697	Tobin Harbor	0.181732143	0.616035714	0.202303571	18.2-61.6-20.2
722	LACR1	LACR1-001	50	44.0877	-90.8523	Soper Creek	0.80372	0.19202	0.00426	80.4-19.2-0.4
723	NEFS1	NEFS1-001	50	46.6565	-53.2144	Freshwater R.	0	1	0	0-100-0
724	NEFS2	NEFS2-001	36	46.6374	-53.1604	Watern Cove	0	1	0	0-100-0
725	NYNS1	NY18-001	30	40.863817	-73.200704	Nissequoque Creek	3.00E-04	0.9997	0	0-100-0
726	QUEM1	QUEM1-001	50	51.4174	-72.9409	Pepeshquasati R.	0.75846	0.24024	0.00126	75.8-24-0.1
727	QUEM2	QUEM2-001	43	51.3628	-72.7588	Cheno R.	0.934046512	0.064465116	0.001488372	93.4-6.4-0.1
728	WISR1	WISR1-001	50	43.397	-89.6521	Parfrey's Glen Creek	0.00362	0.99638	0	0.4-99.6-0
729	WISR2	WISR2-001	49	43.4897	-90.3664	Melancthon Creek	0.694938776	0.286857143	0.018244898	69.5-28.7-1.8
730	WISR3	WISR3-001	50	43.2845	-90.3306	Ash Creek	0.05128	0.9146	0.03408	5.1-91.5-3.4
731	MACS1	MACS1-001	81	41.594	-70.5066	Quashnet R., Cape Cod	0.01245679	0.98754321	0	1.2-98.8-0
732	MACS2	MACS2-001	49	41.5842	-70.5022	Red Brook, Cape Cod	8.16E-05	0.999918367	0	0-100-0
733	MACS3	MACS3-001	28	41.6337	-70.4518	Santuit R., Cape Cod	0.000285714	0.999714286	0	0-100-0
734	MACS4	MACS4-001	43	41.6245	-70.481	Mashpee R., Cape Cod	0.000534884	0.999465116	0	0.1-99.9-0
735	NYLC1	DS02-001	30	44.288799	-73.52619	Spruce Mill Brook	0.0017	0.9983	0	0.2-99.8-0
736	NYLC2	DS01-001	32	44.298636	-73.742629	Styles Brook	0.54375	0.45525	0.0010625	54.4-45.5-0.1
737	VTLC1	VTLC1-01	50	44.1647	-72.8934	Slide Brook	0.00922	0.99078	0	0.9-99.1-0
738	VTLC2	VTLC2-01	50	43.8135	-72.9649	Kettle Brook	0.00276	0.99384	0.0034	0.3-99.4-0.3
739	VTLM	VTLM-01	50	44.7845	-71.995	Bald Mountain Brook	0.00832	0.98494	0.00668	0.8-98.5-0.7
740	NYCS1	NYCS1-001	40	40.762	-73.1492	Connetquot R.	0	1	0	0-100-0
741	NYCS2	NY18-061	30	40.771759	-73.156219	Connetquot R.	0.0924	0.9076	0	9.2-90.8-0
742	NYSS1	NY18-031	30	40.772389	-72.993351	Swan River	0.2414	0.7586	0	24.1-75.9-0
747	HUDR2	HUDR2-01	23	41.2902	-73.9943	Timp Brook	0.019391304	0.980478261	0.000130435	1.9-98-0
749	PASR1	PASR1-01	31	41.1571	-74.1386	Torne Brook	0.219064516	0.780935484	0	21.9-78.1-0
764	ACAD1	ACAD1-001	56	44.2869	-68.3478	Marshall Brook	0	1	0	0-100-0
765	ACAD2	ACAD2-001	55	44.2691	-68.3514	Lurvey Brook	0.009181818	0.973072727	0.017727273	0.9-97.3-1.8
766	ACAD3	ACAD3-001	55	44.314	-68.2246	Hunters Brook	0	1	0	0-100-0
767	ACAD4	ACAD4-001	55	44.3099	-68.2445	Stanley Brook	0	1	0	0-100-0
768	ACAD5	ACAD5-001	50	44.3177	-68.2557	Jordan Stream	0.00072	0.99928	0	0.1-99.9-0
769	ACAD6	ACAD6-001	41	44.3164	-68.2874	Hadlock Brook	0.024	0.976	0	2.4-97.6-0
770	CONR4	CONR4-01	50	42.8204	-72.969	Lamb Brook	6.00E-05	0.99994	0	0-100-0
771	CONR5	CONR5-001	37	42.7453	-72.3089	Brickyard Brook	0.10872973	0.891135135	0.000108108	10.9-89.1-0
773	CONR7	CONR7-001	50	42.639722	-72.988889	Manning Brook	4.00E-05	0.99996	0	0-100-0
774	NYHL	NYHL-01	31	43.6004	-74.8187	Horn Lake	0.907548387	0.092451613	3.23E-05	90.8-9.2-0
775	NYLT	NYLT-01	42	44.0377	-74.6115	Little Tupper Lake	0.279595238	0.720404762	0	28-72-0
776	NYWP	NYWP-01	56	44.331	-74.6272	Windfall Pond	0.767303571	0.232535714	0.000178571	76.7-23.3-0
777	KENR1	KENR1-01	33	45.3877	-69.963	Cold Stream	0.000121212	0.999878788	0	0-100-0
779	KENR3	KENR3-001	41	44.9152	-71.0926	Dead Diamond River	0.04702439	0.952853659	0.000121951	4.7-95.3-0
780	KENR4	KENR4-001	27	44.9697	-71.1533	Little Diamond River	0.023592593	0.976407407	0	2.4-97.6-0
783	KENR7	KENR7-01	33	44.6721	-70.3593	Alder Brook	0.013878788	0.986121212	0	1.4-98.6-0
784	PENR1	PENR1-01	30	45.1431	-68.2845	Lord Brook	0	1	0	0-100-0
785	PENR2	PENR2-01	59	44.8541	-68.8232	Kenduskeag Stream	0.00020339	0.99979661	0	0-100-0
786	STGE1	STGE1-01	30	44.4392	-69.2209	Thompson Brook	0.000266667	0.999733333	0	0-100-0
788	MERR3	MERR3-001	20	42.7217	-71.5525	Flints Brook	0.04535	0.95465	0	4.5-95.5-0
789	MERR4	MERR4-001	20	42.7978	-71.5511	Witches Brook	0	1	0	0-100-0
790	MERR5	MERR5-001	20	42.8114	-71.9175	Meadow Brook	1.00E-04	0.9999	0	0-100-0
791	MERR6	MERR6-001	19	43.1464	-71.8806	Sand Brook	0	1	0	0-100-0
792	PISR1	PISR1-001	30	43.1339	-70.9697	Chelsey Brook	0	1	0	0-100-0
793	SACR1	SACR1-001	30	43.77	-71.2511	White Brook	0.000166667	0.999833333	0	0-100-0
794	CRLE1	CRLE1-01	26	41.5	-81.2804	Leech Stream	0.979038462	0.020115385	0.000769231	97.9-2-0.1
795	CRLE2	CRLE2-01	50	41.563	-81.2187	Woodie Brook	0.9146	0.04054	0.04486	91.5-4.1-4.5
796	CRLE3	CRLE3-01	59	41.5526	-81.234	Spring Brook	0.936983051	0.054389831	0.008610169	93.7-5.4-0.9
797	OHAR1	OHAR1-01	50	42.0363	-78.4609	Two Mile Creek	0.9403	0.00096	0.05868	94-0.1-5.9
798	OHAR2	OHAR2-102	47	41.7532	-78.0554	Allegheny R.	0.726106383	0.171255319	0.102659574	72.6-17.1-10.3
799	OHAR3	OHAR3-101	62	41.2378	-79.3223	Clarion R.	0.611129032	0.177596774	0.211274194	61.1-17.8-21.1
800	PA42_Lower	PA42-048	43	41.576103	-77.016626	Salt Spring Run (lower)	0.963953488	0.008674419	0.027302326	96.4-0.9-2.7
801	PA42_Upper	PA42-091	33	41.578088	-77.017383	Salt Spring Run (upper)	0.990636364	0.009363636	0	99.1-0.9-0
802	Ramsey	UOG-001	50	41.28714	-77.32458	Ramsey Run	0.99948	0.00028	2.00E-04	99.9-0-0
803	Boone	UOG-051	50	41.35392	-77.36207	Boone Run	0.97784	0.02176	0.00038	97.8-2.2-0
804	Dam	UOG-251	50	41.32943	-77.34448	Dam Run	0.99996	4.00E-05	0	100-0-0
805	Cedar	UOG-101	50	41.61398	-77.50751	Cedar Run	0.9985	0.00144	4.00E-05	99.9-0.1-0
806	Sebring	UOG-151	29	41.44963	-77.42755	Sebring Branch Mill Run	0.99962069	3.45E-05	0.00037931	100-0-0
807	Francis	UOG-201	50	41.5527	-77.61581	Francis Branch Slate Run	0.99156	0.00018	0.00828	99.2-0-0.8
808	CONR1	CONR1-01	36	44.4434	-71.3048	Unnamed	0.026583333	0.973333333	0.000111111	2.7-97.3-0
809	CONR2	CONR2-01	40	44.4743	-71.3453	Brandy Brook	0.00355	0.9955	0.000975	0.4-99.6-0.1
813	HUDR1	HUDR1-01	50	42.7814	-73.1452	Broad Brook	0.02858	0.97142	0	2.9-97.1-0
814	MD31	MD31-001	50	39.6886	-76.7787	Silver Run	0.17544	0.8241	0.00038	17.5-82.4-0
815	MD32	MD32-001	50	39.8248	-76.778	Walker Run	0.13978	0.86002	0.00018	14-86-0
817	SUSR1	SUSR1-01	50	40.8982	-78.0105	Smays Run	0.89116	0.09274	0.01616	89.1-9.3-1.6
818	SUSR2	SUSR2-01	50	40.9334	-78.0128	Benner Run	0.96344	0.03384	0.00266	96.3-3.4-0.3
