ID	Population	Pop	Sample Size	Latitude	Longitude	General Location	N	Na	Ho	uHe	AR	Ne	Ne_95LCI	Ne_95UCI	Mean_Fst	He_res	AR_res	Ne_res
1	PFBNC143	[WRC061-001]	20.00	35.12013	-82.75003	Murr Creek	20	3.5	0.425	0.388	3.5	15.3	8.5	33.3	0.45	-0.004	0.025	0.033
3	OHCM1	[OHCM1-1001]	152.00	38.6031	-79.8815	Shavers Fork, Segs 1-10	152	8.1	0.524	0.561	5.5	34.2	24.3	48.4	0.39	0.039	0.096	-0.034
4	OHCM2	[OHCM2-01]	20.00	38.6023	-79.9109	Lambert Run	20	6.2	0.582	0.660	6.2	12.3	8.6	18.2	0.35	0.048	0.101	-0.064
5	OHCM3	[OHCM3-01]	30.00	38.55	-79.895	First Fork	30	5.3	0.518	0.505	4.9	28.2	18.2	50.6	0.44	0.058	0.109	0.021
6	OHCM4	[OHCM4-01]	27.00	38.5415	-79.9487	Buck Run	27	4.3	0.509	0.473	4.0	12.6	7.6	22.0	0.45	0.047	0.064	0.038
7	OHCM5	[OHCM5-01]	26.00	38.5619	-79.9276	Black Run	26	5.0	0.525	0.536	4.8	32.0	19.1	69.9	0.43	0.060	0.088	0.004
8	OHCM6	[OHCM6-01]	33.00	38.4857	-79.9663	Rocky Run 1	33	5.4	0.518	0.515	4.9	63.4	28.1	1188.9	0.44	0.059	0.103	0.010
9	OHCM7	[OHCM7-01]	31.00	38.4868	-79.9753	Rocky Run 2	31	5.6	0.527	0.536	5.0	95.4	38.9	Infinite	0.42	0.058	0.098	-0.004
10	OHCM8	[OHCM8-101]	52.00	38.4974	-79.9298	2nd Fork, Segs. 7,8,10	52	4.8	0.451	0.473	3.9	140.7	59.8	Infinite	0.46	0.061	0.062	0.045
11	OHTM1	[OHTM1-01]	50.00	38.7345	-79.9089	Shavers Run	50	6.1	0.491	0.527	5.3	106.2	44.2	Infinite	0.36	-0.013	0.055	-0.055
12	OHYM1	[OHYM1-01]	49.00	39.7148	-79.2305	Puzzley Run	49	6.7	0.657	0.655	5.9	93.3	52.9	261.5	0.33	0.029	0.060	-0.103
13	OHYM2	[OHYM2-01]	49.00	39.4016	-79.3043	Boiling Springs	49	7.0	0.746	0.735	6.3	96.4	63.3	180.1	0.27	0.023	0.032	-0.156
14	OHYM3	[OHYM3-01]	49.00	39.6588	-79.2739	Little Bear Creek	49	7.3	0.582	0.572	6.1	202.0	100.7	1892.8	0.37	0.023	0.115	-0.053
15	OHYM4	[OHYM4-001]	30.00	39.6329	-79.2252	Casselman River	30	6.2	0.711	0.693	5.9	34.7	23.7	57.3	0.29	0.014	0.023	-0.129
16	GA06	[GA06-001]	30.00	34.796427	-83.78574	Upper Chattahoochee River	30	2.8	0.375	0.342	2.7	3.1	1.8	9.4	0.46	-0.018	-0.016	0.037
17	GA07	[GA07-001]	30.00	34.764654	-83.804072	Low Gap Creek	30	1.4	0.147	0.124	1.4	1.9	0.7	7.3	0.61	0.003	0.043	0.193
18	GA21	[GA21-001]	30.00	34.79557	-83.653437	Left Fork Soque River	30	1.3	0.072	0.097	1.3	2.4	0.5	33.2	0.63	0.011	0.054	0.208
19	GUNR1	[GUNR1-01]	50.00	39.5981	-76.6531	Panther Branch	50	6.2	0.702	0.670	5.6	17.0	13.9	21.0	0.27	-0.023	-0.019	-0.149
20	GUNR2	[GUNR2-01]	50.00	39.658	-76.8139	Indian Run	50	3.7	0.536	0.524	3.5	18.6	12.3	28.8	0.38	0.007	-0.045	-0.038
23	SUSR4	[SUSR4-001]	100.00	39.6481	-76.4454	Rock Hollow Run	100	6.6	0.661	0.654	5.4	47.8	35.7	66.5	0.29	-0.007	-0.010	-0.134
24	SUSR5	[SUSR5-001]	50.00	39.6295	-76.4209	Kellogg Branch	50	5.9	0.667	0.656	5.4	36.2	26.2	53.0	0.30	0.007	0.001	-0.118
25	SUSR6	[SUSR6-001]	50.00	39.6438	-76.479	Spooners Creek	50	5.4	0.659	0.626	4.9	20.0	15.2	26.7	0.32	0.007	-0.013	-0.098
26	CATO1	[CATO1-01]	47.00	39.6349	-77.4789	Big Hunting Creek	47	4.5	0.601	0.619	4.3	29.8	20.7	45.9	0.35	0.030	-0.026	-0.071
27	CATO2	[CATO2-01]	49.00	39.6632	-77.4804	Owens Creek	49	4.8	0.639	0.631	4.5	64.2	37.8	147.3	0.33	0.019	-0.027	-0.093
28	CATO3	[CATO3-01]	32.00	39.6363	-77.45	Still Creek	32	5.5	0.727	0.710	5.3	14.3	11.3	18.4	0.28	0.014	-0.026	-0.135
29	CATO4	[CATO4-01]	38.00	39.5432	-77.4647	Right Fork Fishing Creek	38	6.4	0.708	0.690	5.9	67.1	46.6	110.1	0.29	0.007	0.016	-0.140
30	CATO5	[CATO5-01]	48.00	39.5327	-77.4752	Left Fork Fishing Creek	48	6.1	0.681	0.684	5.5	169.1	76.1	Infinite	0.29	0.006	-0.007	-0.132
31	POMR1	[POMR1-01]	47.00	39.4734	-77.4152	Tuscarora Creek	47	6.1	0.708	0.693	5.5	66.6	41.3	136.1	0.29	0.014	-0.006	-0.139
32	BearCreek	[VA05-001]	20.00	36.737334	-80.58159	Bear Creek	20	4.9	0.546	0.561	4.9	15.0	10.6	22.5	0.35	-0.007	0.016	-0.069
33	BigReedIslandCr	[VA07-001]	20.00	36.674994	-80.521569	Big Reed Island Creek	20	6.3	0.629	0.649	6.3	64.6	36.0	216.2	0.29	-0.015	0.049	-0.133
35	EFDryRun	[VA09-001]	20.00	36.771983	-81.164966	EF Dry Run	20	3.3	0.442	0.417	3.3	1122.6	33.2	Infinite	0.43	-0.005	-0.010	0.016
37	NFStonyCreek	[VA11-002]	19.00	37.43226	-80.553248	NF Stony Creek	19	5.3	0.519	0.548	5.3	82.9	34.3	Infinite	NA	NA	NA	NA
38	OHCK1	[OHCK1-01]	25.00	38.23711	-80.34118	Byrd Branch	25	6.7	0.740	0.719	6.5	15.3	12.7	18.6	0.26	-0.004	0.034	-0.152
39	OHCK2	[OHCK2-01]	49.00	38.24175	-80.37169	Dogway Fork	49	7.1	0.689	0.702	6.2	59.9	40.9	99.5	0.25	-0.020	-0.002	-0.178
40	OHGK1	[OHGK1-01]	50.00	38.58315	-79.66737	Walderman Run	50	6.3	0.637	0.635	5.4	72.9	44.9	152.1	0.27	-0.035	-0.024	-0.154
41	OHGK2	[OHGK2-01]	49.00	38.39899	-79.74983	Sutton Run	49	4.5	0.440	0.470	4.0	55.3	29.4	163.1	0.39	-0.011	0.000	-0.035
42	OHGK3	[OHGK3-001]	27.00	38.65128	-79.65491	EF Greenbrier Headwater	27	7.2	0.669	0.679	6.8	154.6	57.0	Infinite	0.27	-0.016	0.059	-0.148
43	OHGK4	[OHGK4-001]	30.00	38.62221	-79.68543	Mullenox Run	30	6.7	0.622	0.640	6.2	56.6	30.1	205.1	0.29	-0.022	0.037	-0.138
44	OHGK5	[OHGK5-001]	23.00	38.61545	-79.67927	Abes Run	23	5.8	0.556	0.606	5.6	35.5	21.2	81.0	0.31	-0.021	0.026	-0.111
45	OHGK6	[OHGK6-001]	19.00	38.57618	-79.70156	Long Run	19	5.9	0.573	0.594	5.9	21.1	13.4	39.1	NA	NA	NA	NA
46	OHGK7	[OHGK7-001]	22.00	38.51356	-79.7221	Little River	22	5.7	0.557	0.555	5.5	24.9	16.3	43.9	0.35	-0.007	0.063	-0.066
47	OHGK8	[OHGK8-001]	29.00	37.96923	-80.29571	Laurel Run	29	5.3	0.529	0.582	4.9	2.6	2.3	3.1	0.33	-0.010	-0.001	-0.086
49	OHGN1	[OHGN1-001]	30.00	38.2026	-80.37271	NF Cherry River	30	6.5	0.572	0.615	6.1	73.8	33.5	3072.5	0.33	0.006	0.069	-0.101
51	OHNK1	[OHNK1-001]	30.00	37.91433	-81.02081	Buffalo Creek	30	3.9	0.589	0.588	3.8	11.8	7.3	19.7	0.34	0.001	-0.065	-0.077
52	OHNK10	[WRC134-001]	20.00	36.4267603	-81.453945	Ezra Fork	20	3.5	0.654	0.586	3.5	12.0	6.0	28.0	0.34	-0.006	-0.087	-0.078
53	OHNK11	[WRC137-001]	20.00	36.4493635	-81.0835415	Glade Creek	20	4.4	0.670	0.608	4.4	1.8	1.5	2.2	0.32	-0.010	-0.043	-0.092
54	OHNK12	[WRC144-001]	20.00	36.5569233	-81.6234242	Little Horse Creek	20	2.8	0.404	0.356	2.8	32.5	7.6	Infinite	0.45	-0.021	-0.025	0.027
55	OHNK13	[WRC146-001]	20.00	36.3196431	-81.6919865	Meat Camp Creek	20	4.9	0.592	0.587	4.9	23.4	12.2	69.9	0.33	-0.009	0.002	-0.086
57	OHNK15	[WRC151-001]	20.00	36.3279872	-81.6367979	Pine Orchard Creek	20	4.8	0.496	0.493	4.8	13.0	8.6	21.0	0.37	-0.022	0.031	-0.042
58	OHNK16	[WRC153-001]	20.00	36.4215314	-81.2530259	Reeves Branch	20	6.1	0.623	0.658	6.1	21.3	15.5	31.4	0.29	-0.010	0.036	-0.127
60	OHNK18	[WRC165-001]	20.00	36.255907	-81.7003412	Trivett Branch	20	3.7	0.513	0.498	3.7	46.7	19.3	Infinite	0.37	-0.022	-0.046	-0.056
61	OHNK19	[WRC167-001]	20.00	36.583253	-81.630069	UT Big Horse Creek (above Ripshin Branch at Va. state line)	20	2.4	0.358	0.377	2.4	87.9	15.8	Infinite	0.45	-0.011	-0.048	0.020
63	OHNK20	[WRC168-001]	20.00	36.5258384	-81.6704962	UT Big Laurel Creek ( Above Beaverponds )	20	4.0	0.629	0.598	4.0	13.8	8.8	23.8	0.36	0.021	-0.034	-0.058
64	OHNK21	[WRC172-001]	20.00	36.4275894	-81.285759	UT Cranberry Creek	20	4.9	0.506	0.535	4.9	7.7	5.2	11.1	0.37	-0.005	0.036	-0.060
65	OHNK22	[WRC177-001]	20.00	36.1687212	-81.6486848	UT Middle Fork New River (@Tweetsie RR)	20	4.7	0.579	0.550	4.7	7.3	4.9	10.4	0.34	-0.019	-0.006	-0.085
66	OHNK23	[WRC180-001]	20.00	36.3346989	-81.5191582	UT Old Fields Creek	20	5.0	0.613	0.600	5.0	19.9	13.7	31.9	0.31	-0.027	-0.016	-0.108
67	OHNK24	[WRC181-001]	20.00	36.318367	-81.6350545	UT Pine Orchard Creek	20	5.5	0.642	0.599	5.5	17.9	12.8	27.0	0.32	-0.014	0.030	-0.094
68	OHNK25	[WRC184-001]	20.00	36.3238544	-81.4823595	UT South Fork New River	20	4.4	0.504	0.523	4.4	13.2	8.6	21.6	0.37	-0.006	0.007	-0.044
69	OHNK26	[WRC186-001]	20.00	36.2661567	-81.4775217	West Fork Pine Swamp Creek	20	5.2	0.579	0.594	5.2	29.8	17.4	70.6	0.33	-0.006	0.016	-0.090
70	OHNK27	[WRC188-001]	20.00	36.2837895	-81.4703543	Wolfpen Creek	20	4.1	0.533	0.497	4.1	11.5	6.8	20.8	0.39	-0.008	0.000	-0.028
72	OHNK29	[WRC127-001]	20.00	36.1556403	-81.6500868	Brown Branch	20	2.8	0.435	0.471	2.8	4.3	2.1	11.7	0.40	-0.012	-0.079	-0.028
75	OHNK31	[WRC129-001]	20.00	36.4408513	-81.4916861	Claybank Creek	20	4.8	0.614	0.617	4.8	26.6	16.0	56.9	0.31	-0.013	-0.025	-0.108
76	OHNK32	[WRC131-001]	20.00	36.242154	-81.686784	Doe Fork	20	2.8	0.467	0.445	2.8	14.9	6.7	47.4	0.40	-0.021	-0.066	-0.013
77	OHNK33	[WRC133-001]	20.00	36.5054486	-81.6451105	East Fork Roaring Fork	20	5.0	0.670	0.685	5.0	31.7	17.5	89.7	0.29	0.004	-0.038	-0.133
78	OHNK34	[WRC135-001]	20.00	36.4266562	-81.4539442	Ezra Fork	20	3.6	0.529	0.546	3.6	22.5	11.4	72.3	0.36	-0.011	-0.064	-0.064
79	OHNK35	[WRC136-001]	20.00	36.2409489	-81.538227	Gap Creek	20	6.2	0.700	0.653	6.2	32.3	20.7	61.5	0.30	0.000	0.053	-0.119
81	OHNK37	[WRC139-001]	19.00	36.371606	-81.712475	Hoskins Fork	19	5.1	0.693	0.643	5.1	8.1	5.0	12.8	NA	NA	NA	NA
82	OHNK38	[WRC140-001]	20.00	36.5535323	-81.513874	Jerd Branch	20	4.0	0.542	0.549	4.0	22.7	11.6	70.2	0.36	0.003	-0.029	-0.056
83	OHNK39	[WRC141-001]	20.00	36.2687846	-81.7183243	Jones Branch	20	4.8	0.541	0.557	4.8	13.1	8.7	20.8	0.34	-0.026	-0.003	-0.081
84	OHNK4	[WRC122-001]	20.00	36.1726689	-81.6925992	(C) Winkler Creek (above old Impoundment)	20	3.0	0.375	0.417	3.0	9.4	4.6	19.1	0.44	0.000	-0.022	0.008
85	OHNK40	[WRC142-001]	20.00	36.5283912	-81.6843392	Kilby Creek	20	4.2	0.492	0.510	4.2	524.1	37.0	Infinite	0.38	0.000	0.003	-0.041
87	OHNK42	[WRC145-001]	20.00	36.424392	-81.197458	Meadow Fork	20	4.2	0.500	0.541	4.2	5.7	3.1	8.6	0.34	-0.025	-0.040	-0.084
89	OHNK44	[WRC148-001]	20.00	36.2362881	-81.6642773	Norris Branch	20	3.7	0.600	0.607	3.7	5.6	3.0	8.9	0.34	0.003	-0.079	-0.090
90	OHNK45	[WRC149-001]	19.00	36.2825932	-81.6830482	Norris Fork	19	6.4	0.649	0.683	6.4	16.4	11.6	25.0	NA	NA	NA	NA
93	OHNK48	[WRC155-001]	20.00	36.3041046	-81.650166	Rittle Fork	20	4.7	0.575	0.548	4.7	34.3	20.0	83.7	0.35	-0.019	-0.001	-0.075
94	OHNK49	[WRC157-001]	20.00	36.5053588	-81.5980255	Roaring Branch	20	3.0	0.590	0.480	3.0	10.2	6.0	18.2	0.41	0.005	-0.051	-0.008
95	OHNK5	[WRC123-001]	20.00	36.1752544	-81.6899697	(C) Winkler Creek (between old & new impoundments)	20	3.6	0.475	0.455	3.6	0.9	0.7	1.1	0.43	0.011	0.010	0.016
96	OHNK50	[WRC158-001]	20.00	36.5147638	-81.653585	Roaring Fork	20	4.4	0.648	0.605	4.4	19.7	11.8	40.2	0.35	0.018	-0.015	-0.068
98	OHNK52	[WRC160-001]	20.00	36.455572	-81.697383	Roundabout Creek	20	5.9	0.758	0.696	5.9	51.1	28.0	172.2	0.28	-0.001	0.012	-0.147
99	OHNK53	[WRC162-001]	20.00	36.3749868	-81.5996959	Skin Camp Branch	20	1.4	0.133	0.136	1.4	Infinite	11.7	Infinite	0.59	-0.007	0.030	0.162
100	OHNK54	[WRC163-001]	20.00	36.354175	-81.676697	Snyder Branch	20	5.8	0.695	0.663	5.8	12.3	8.5	18.8	0.29	-0.003	0.017	-0.121
102	OHNK56	[WRC166-001]	19.00	36.146241	-81.647147	UT Aho Branch	19	5.1	0.689	0.626	5.1	7.6	5.2	10.7	NA	NA	NA	NA
103	OHNK57	[WRC169-001]	20.00	36.547918	-81.6603131	UT Big Laurel Creek ( Below Flatwood )	20	3.3	0.427	0.473	3.3	6.5	3.1	11.3	0.42	0.017	-0.012	-0.002
104	OHNK58	[WRC170-001]	20.00	36.5547494	-81.6693876	UT Big Laurel Creek ( Denny Hollow )	20	4.9	0.563	0.592	4.9	44.1	19.3	4748.8	0.33	-0.006	0.000	-0.092
105	OHNK59	[WRC171-001]	20.00	36.395783	-81.531642	UT Buffalo Creek (@ Buck Mtn.)	20	5.6	0.659	0.645	5.6	33.0	20.7	66.4	0.31	-0.002	0.017	-0.116
106	OHNK6	[WRC124-001]	20.00	36.3573423	-81.6159101	Bald Fork	20	1.8	0.179	0.188	1.8	22.1	1.1	Infinite	0.54	-0.028	0.001	0.122
110	OHNK63	[WRC176-001]	20.00	36.139162	-81.6672204	UT Middle Fork New River (@substation)	20	4.3	0.596	0.531	4.3	2.5	2.1	2.9	0.37	-0.007	-0.011	-0.054
111	OHNK64	[WRC178-001]	20.00	36.4802743	-81.4765576	UT North Fork New River	20	5.3	0.625	0.632	5.3	15.5	10.1	25.9	0.33	0.012	0.016	-0.091
112	OHNK65	[WRC179-001]	20.00	36.42683	-81.613394	UT North Fork New River (@ Creston)	20	5.3	0.638	0.628	5.3	10.5	7.7	14.6	0.31	-0.013	-0.003	-0.107
113	OHNK66	[WRC183-001]	20.00	36.332893	-81.4599757	UT South Fork New River	20	5.6	0.654	0.669	5.6	7.5	5.3	10.3	0.30	-0.002	0.006	-0.132
115	OHNK68	[WRC187-001]	19.00	36.4039791	-81.2784303	Wolf Branch	19	5.8	0.589	0.641	5.8	48.7	26.0	187.2	NA	NA	NA	NA
116	OHNK69	[D701-001]	22.00	36.3169623	-81.7013383	UT Meat Camp Creek	22	4.8	0.604	0.578	4.8	16.2	9.8	31.0	0.34	-0.011	-0.003	-0.079
117	OHNK7	[WRC126-001]	20.00	36.5626706	-81.6665957	Big Laurel Creek	20	3.8	0.596	0.548	3.8	13.8	7.9	27.9	0.35	-0.013	-0.050	-0.063
119	OHNK71	[D703-001]	24.00	36.1541123	-81.6276005	Aho Branch	24	2.8	0.493	0.441	2.8	16.6	8.2	44.4	0.42	0.000	-0.047	0.007
120	OHNK8	[WRC130-001]	20.00	36.2638257	-81.5339435	Cranberry Creek	20	5.1	0.625	0.607	5.1	12.8	9.6	17.7	0.32	-0.007	0.003	-0.092
121	OHNK9	[WRC132-001]	20.00	36.2838079	-81.4351735	East Fork Pine Swamp Creek	20	5.5	0.575	0.574	5.5	59.9	28.6	716.6	0.33	-0.022	0.033	-0.099
122	PFBNC124	[WRC336-001]	20.00	36.3592958	-81.719256	UT Hoskins Fork	20	4.6	0.667	0.619	4.6	13.3	8.8	21.4	0.30	-0.024	-0.052	-0.114
123	PFBNC76	[WRC332-001]	20.00	36.3083612	-81.6702018	Little Creek	20	6.1	0.667	0.649	6.1	33.1	17.5	110.7	0.29	-0.017	0.036	-0.131
124	SnakeCreek	[VA12-001]	20.00	36.678723	-80.657286	Snake Creek	20	3.8	0.504	0.473	3.8	42.5	17.8	Infinite	0.41	0.001	0.005	-0.016
125	StandrockBranch	[VA13-001]	20.00	37.196585	-80.893499	Standrock Branch	20	3.3	0.513	0.457	3.3	14.0	7.4	32.5	0.44	0.025	-0.004	0.021
126	ToryCreek	[VA14-001]	18.00	36.744527	-80.493856	Tory Creek	18	5.0	0.571	0.554	5.0	88.9	29.5	Infinite	NA	NA	NA	NA
128	GA13	[GA13-001]	30.00	34.769548	-84.033267	Bryant Creek	30	1.6	0.139	0.138	1.6	29.0	1.8	Infinite	0.62	0.022	0.063	0.194
129	GA14	[GA14-001]	40.00	34.767345	-83.993942	Logan Creek	40	1.9	0.169	0.166	1.9	15.3	4.0	56.2	0.61	0.030	0.079	0.194
130	GCS1	[LR_2013_121]	29.00	35.591956	-83.516187	Grouse Creek Site 1	29	1.9	0.135	0.197	1.8	19.6	2.7	Infinite	0.55	-0.018	0.012	0.127
131	GPS1	[FC_2014_001]	40.00	35.594153	-83.561233	Goshen Prong Site 1	40	2.3	0.238	0.257	2.2	180.2	30.0	Infinite	0.52	-0.011	0.006	0.100
132	GPS4	[FC_2014_096]	50.00	35.5834	-83.544	Goshen Prong Site 4	50	1.6	0.096	0.102	1.4	1.6	0.1	14.4	0.66	0.041	0.095	0.243
133	GRSML1	[GRSML1-001]	48.00	35.591	-83.5744	Fish Camp Run	48	2.4	0.255	0.254	2.3	35.3	8.3	Infinite	0.52	-0.008	0.016	0.098
136	GRSML22	[GS35-001]	30.00	35.62383817	-83.64181971	Marks Creek	30	1.3	0.078	0.069	1.3	Infinite	13.6	Infinite	0.64	0.009	0.074	0.213
137	GRSML3	[GRSML3-001]	35.00	35.5879	-83.6316	Indian Flats	35	4.0	0.540	0.512	3.7	19.8	13.1	32.0	0.37	-0.018	-0.049	-0.052
138	GRSML4	[GRSML4-001]	49.00	35.6509	-83.6281	Mannis Branch	49	2.8	0.328	0.328	2.6	10.4	3.9	20.7	0.47	-0.010	-0.013	0.058
139	GRSML5	[GRSML5-001]	24.00	35.5899	-83.5662	Silers's Creek	24	1.9	0.274	0.276	1.9	Infinite	20.4	Infinite	0.49	-0.024	-0.037	0.064
140	GRSML6	[GRSML6-1001]	76.00	35.5899	-83.5662	Silers's Creek (4,9,10)	76	1.8	0.296	0.295	1.8	Infinite	32.3	Infinite	0.51	0.000	-0.030	0.076
142	GRSMP1	[GRSMP1-001]	47.00	35.6521	-83.1689	Lost Bottoms	47	1.9	0.152	0.177	1.8	Infinite	16.1	Infinite	0.60	0.026	0.056	0.166
143	GRSMP10	[GRSMP10-001]	21.00	35.62527	-83.47016	Road Prong	21	2.3	0.266	0.272	2.3	18.1	5.7	1236.7	0.50	-0.013	0.002	0.086
144	GRSMP11	[GRSMP11-001]	34.00	35.75969	-83.19495	Tom?s Creek	34	2.3	0.336	0.307	2.2	15.9	4.2	64.6	0.49	-0.013	-0.026	0.069
145	GRSMP12	[GRSMP12-001]	32.00	35.7389	-83.2783	Indian Camp Creek	32	1.8	0.135	0.157	1.7	10.1	2.1	99.7	0.59	-0.001	0.041	0.171
146	GRSMP13	[GRSMP13-001]	25.00	35.67001	-83.09951	Little Cataloochee Creek	25	2.3	0.220	0.216	2.1	26.3	1.3	Infinite	0.53	-0.022	0.016	0.110
147	GRSMP14	[GRSMP14-001]	28.00	35.6767	-83.08874	Correll Branch	28	2.1	0.205	0.203	2.1	20.3	1.4	Infinite	0.55	-0.004	0.033	0.134
148	GRSMP16	[GRSMP16-001]	40.00	35.7608	-83.19703	Toms Creek	40	2.3	0.291	0.299	2.2	23.0	3.8	Infinite	0.49	-0.007	-0.016	0.073
149	GRSMP17	[GRSMP17-009]	16.00	35.76479	-83.25353	Greenbrier Creek	16	1.7	0.175	0.160	1.7	15.6	2.3	Infinite	NA	NA	NA	NA
150	GRSMP18	[GRSMP18-009]	16.00	35.73785	-83.27838	Indian Camp Creek	16	1.6	0.202	0.166	1.6	Infinite	13.1	Infinite	NA	NA	NA	NA
152	GRSMP2	[GRSMP2-001]	32.00	35.7671	-83.2023	Cosby Creek	32	2.2	0.301	0.304	2.1	3.6	2.1	10.7	0.49	-0.009	-0.025	0.069
153	GRSMP20	[GS34-001]	30.00	35.62745	-83.40842	Kephart Branch	30	3.3	0.356	0.359	3.2	19.3	11.1	39.7	0.47	-0.003	0.021	0.050
157	GRSMP24	[GS37-001]	30.00	35.62274826	-83.42144591	Walker Camp Prong	30	3.8	0.504	0.541	3.6	15.5	8.8	31.3	0.36	-0.006	-0.059	-0.057
158	GRSMP25	[GS38-001]	28.00	35.7456837	-83.215988	Rock Creek	28	1.8	0.196	0.176	1.7	2.0	0.7	9.1	0.57	-0.007	0.025	0.149
159	GRSMP26	[GS39-001]	30.00	35.69511594	-83.32153141	Buck Fork	30	2.7	0.365	0.379	2.6	15.4	5.6	66.4	0.44	-0.021	-0.048	0.022
160	GRSMP27	[GS43-001]	30.00	35.69182448	-83.31598851	Chapman Prong	30	2.6	0.286	0.300	2.4	15.1	7.1	39.4	0.49	-0.015	-0.006	0.074
162	GRSMP29	[GS55-002]	30.00	35.64431163	-83.0726446	Winding Stair	30	2.2	0.235	0.202	2.1	1241.2	19.2	Infinite	0.55	-0.007	0.033	0.135
163	GRSMP3	[GRSMP3-033]	48.00	35.7671	-83.2023	Cosby Creek	48	2.3	0.263	0.284	2.2	15.3	1.7	Infinite	0.51	-0.001	-0.003	0.093
164	GRSMP30	[GS56-002]	30.00	35.59985518	-83.1308236	Hurricane Creek	30	3.3	0.403	0.354	3.1	1.8	1.3	2.4	0.45	-0.020	0.003	0.036
165	GRSMP31	[GS57-002]	30.00	35.6021498	-83.16291579	Bear Branch	30	2.7	0.332	0.316	2.6	21.0	9.0	94.9	0.47	-0.022	-0.012	0.053
166	GRSMP32	[GS58-002]	30.00	35.67181836	-83.13536468	Pretty Hollow	30	2.4	0.255	0.243	2.3	5.8	2.2	15.1	0.52	-0.010	0.020	0.099
167	GRSMP33	[GS59-002]	30.00	35.60188	-83.16237872	Horse Creek	30	2.6	0.341	0.287	2.5	Infinite	14.7	Infinite	0.49	-0.018	0.002	0.064
168	GRSMP34	[GS60-002]	30.00	35.61488345	-83.14599307	Messer Branch	30	3.6	0.493	0.458	3.5	15.1	8.9	28.2	0.39	-0.024	-0.039	-0.028
169	GRSMP35	[GS61-002]	29.00	35.61336491	-83.0939906	Sag Branch	29	2.9	0.413	0.374	2.8	1.8	1.4	2.5	0.45	-0.010	-0.022	0.034
170	GRSMP36	[GS62-002]	29.00	35.57193744	-83.12570343	Caldwell Fork	29	3.8	0.431	0.419	3.6	65.3	20.9	Infinite	0.41	-0.028	-0.007	-0.018
171	GRSMP37	[GS63-002]	30.00	35.67180283	-83.13877789	Onion Bed	30	2.2	0.258	0.231	2.1	17.4	2.7	Infinite	0.53	-0.007	0.015	0.116
172	GRSMP38	[GS64-002]	30.00	35.57635336	-83.12628358	Straight Creek	30	4.0	0.466	0.433	3.8	15.4	9.3	28.6	0.39	-0.037	-0.013	-0.024
173	GRSMP39	[GS65-002]	30.00	35.59419869	-83.0987225	McKee Branch	30	4.3	0.480	0.462	4.1	33.8	17.0	129.3	0.38	-0.036	-0.009	-0.045
174	GRSMP4	[GRSMP4-001]	28.00	35.7643	-83.2526	Greenbrier Creek	28	1.5	0.173	0.163	1.5	59.4	0.9	Infinite	0.58	-0.003	0.022	0.152
175	GRSMP5	[GRSMP5-035]	27.00	35.7643	-83.2526	Greenbrier Creek	27	1.7	0.140	0.169	1.6	Infinite	2.6	Infinite	0.57	-0.005	0.022	0.141
176	GRSMP6	[GRSMP6-001]	33.00	35.7389	-83.2783	Indian Camp Creek	33	2.6	0.264	0.244	2.3	Infinite	21.9	Infinite	0.52	-0.013	0.018	0.092
177	GRSMP8	[GRSMP8-001]	25.00	35.7671	-83.2023	Cosby Creek	25	2.1	0.257	0.245	2.0	71.2	7.6	Infinite	0.53	-0.009	0.004	0.098
178	GRSMP9	[GRSMP9-001]	34.00	35.7643	-83.2526	Greenbrier Creek	34	1.6	0.162	0.164	1.5	6.1	0.6	Infinite	0.59	0.005	0.033	0.160
179	GRSMT1	[GRSMT1-001]	49.00	35.5563	-83.1677	Bunches Creek	49	3.9	0.537	0.538	3.8	127.1	61.4	1175.8	0.34	-0.031	-0.073	-0.081
180	GRSMT2	[GRSMT2-001]	50.00	35.5667	-83.18	Flatt Creek	50	3.4	0.487	0.484	3.2	90.9	33.4	Infinite	0.37	-0.029	-0.077	-0.062
181	GRSMT22	[GS36-001]	28.00	35.61986728	-83.23039471	Hyatt Creek	28	2.8	0.336	0.338	2.8	17.2	8.9	40.8	0.47	-0.012	-0.001	0.052
182	GRSMT23	[GS40-001]	29.00	35.58476105	-83.42515628	RF Deep Creek	29	3.9	0.382	0.378	3.6	Infinite	75.7	Infinite	0.44	-0.022	0.020	0.009
183	GRSMT24	[GS41-001]	30.00	35.58503691	-83.42667635	Sahlee Creek	30	3.5	0.392	0.381	3.3	60.1	20.2	Infinite	0.44	-0.023	-0.002	0.010
184	GRSMT25	[GS42-001]	30.00	35.55528252	-83.47670642	Noland Creek	30	1.9	0.176	0.176	1.8	2.0	1.0	5.1	0.59	0.019	0.056	0.176
185	GRSMT26	[GS44-001]	31.00	35.49706343	-83.65659546	Cold Springs Branch	31	1.7	0.223	0.224	1.6	206.2	2.9	Infinite	0.55	-0.001	-0.005	0.126
186	GRSMT27	[GS45-001]	30.00	35.51194438	-83.69720183	Haw Gap Branch	30	2.5	0.336	0.342	2.5	64.5	22.3	Infinite	0.46	-0.022	-0.036	0.028
187	GRSMT28	[GS46-001]	29.00	35.54112558	-83.67636608	Desolation Branch	29	3.5	0.418	0.421	3.4	37.9	17.1	278.1	0.41	-0.024	-0.020	-0.011
188	GRSMT29	[GS47-001]	30.00	35.54053482	-83.6708987	Defeat Branch	30	3.0	0.478	0.452	3.0	8.5	3.9	15.8	0.39	-0.030	-0.070	-0.040
189	GRSMT3	[GRSMT3-001]	40.00	35.5341	-83.5446	Huggin's Creek	40	2.7	0.444	0.471	2.6	25.3	12.9	63.5	0.38	-0.020	-0.100	-0.039
190	GRSMT30	[GS49-002]	30.00	35.62001761	-83.33050789	Louie Camp Branch	30	3.2	0.488	0.454	3.1	17.6	10.6	32.7	0.40	-0.014	-0.051	-0.019
191	GRSMT31	[GS50-002]	30.00	35.61226789	-83.26422737	Enloe Creek	30	2.7	0.275	0.322	2.6	9.0	1.8	Infinite	0.48	-0.015	-0.003	0.051
192	GRSMT32	[GS51-002]	30.00	35.62431103	-83.32617226	Bearwallow Branch	30	3.6	0.345	0.395	3.5	10.0	6.2	16.0	0.44	-0.008	0.012	0.025
193	GRSMT33	[GS52-002]	30.00	35.63332387	-83.32996679	Chasm Prong	30	4.9	0.496	0.525	4.7	53.9	24.7	672.6	0.36	-0.014	0.010	-0.067
194	GRSMT34	[GS53-001]	30.00	35.64340742	-83.25582982	R. Fork Raven Fork	30	2.7	0.453	0.392	2.6	2.4	1.5	6.8	0.45	-0.006	-0.036	0.028
195	GRSMT35	[GS54-002]	30.00	35.64491771	-83.32894523	Gulf Prong	30	4.8	0.566	0.526	4.5	54.0	24.3	847.2	0.36	-0.015	-0.003	-0.068
197	GRSMT5	[GRSMT5-001]	47.00	35.4858	-83.5926	Bear Creek	47	2.8	0.464	0.473	2.8	2.4	1.9	3.0	0.38	-0.026	-0.096	-0.044
198	GRSMT6	[GRSMT6-001]	25.00	35.58628	-83.36516	Kanati Fork	25	2.3	0.297	0.291	2.2	23.0	7.3	Infinite	0.51	0.008	0.003	0.093
199	GRSMT7	[GRSMT7-001]	22.00	35.59933	-83.39906	Aden Branch	22	3.5	0.405	0.437	3.5	31.4	11.6	Infinite	0.40	-0.020	-0.023	-0.017
200	L2S1	[FC_2014_238]	50.00	35.57905	-83.578	Lean-to Site 1	50	2.5	0.227	0.236	2.2	24.7	10.3	83.1	0.54	-0.002	0.028	0.118
201	LRS1	[LR_2013_001]	30.00	35.592602	-83.511766	Little River Site 1	30	2.0	0.167	0.168	1.9	16.5	2.9	Infinite	0.57	-0.006	0.041	0.151
202	LTGA11	[GA11-001]	30.00	34.946254	-83.453083	Keener Creek	30	1.8	0.214	0.192	1.7	Infinite	19.9	Infinite	0.56	-0.003	0.018	0.132
203	LTNC10	[WRC113-001]	20.00	35.0511015	-83.308477	UT Tessentee Creek	20	1.6	0.250	0.211	1.6	1.8	0.9	5.8	0.53	-0.022	-0.022	0.115
204	LTNC100	[WRC091-001]	20.00	35.2377037	-84.0580182	(A) Tipton Creek (incl. trib.)	20	2.9	0.413	0.397	2.9	Infinite	158.8	Infinite	0.43	-0.017	-0.033	0.001
205	LTNC101	[WRC092-001]	20.00	35.0634056	-83.2739161	Bennies Branch	20	3.8	0.567	0.511	3.8	11.7	6.6	22.8	0.36	-0.022	-0.041	-0.053
206	LTNC102	[WRC093-001]	20.00	35.089675	-83.189961	Big Creek	20	4.4	0.571	0.561	4.4	Infinite	64.6	Infinite	0.33	-0.026	-0.036	-0.101
207	LTNC103	[WRC095-001]	20.00	35.1016582	-83.2430469	Brush Creek	20	3.9	0.504	0.591	3.9	19.0	10.5	44.5	0.32	-0.014	-0.074	-0.095
208	LTNC104	[WRC096-001]	20.00	35.2257112	-83.2384502	Bryson Branch	20	1.3	0.088	0.099	1.3	Infinite	1.3	Infinite	0.61	-0.009	0.039	0.178
209	LTNC105	[WRC098-001]	20.00	35.1037626	-83.2902498	Crow Creek	20	3.3	0.592	0.544	3.3	22.9	11.8	69.1	0.35	-0.017	-0.087	-0.071
211	LTNC107	[WRC380A-001]	33.00	35.2204377	-83.0327662	Flat Creek (above falls)	33	5.8	0.521	0.660	5.5	2.5	2.1	2.9	0.29	-0.005	-0.003	-0.127
212	LTNC108	[WRC381-001]	19.00	35.2568349	-82.9362342	Pinhook Creek (below falls)	19	2.3	0.390	0.385	2.3	5.7	2.7	11.2	NA	NA	NA	NA
213	LTNC109	[D901-001]	35.00	35.289958	-83.293475	Bettys Branch	35	1.6	0.190	0.151	1.5	15.2	3.8	71.0	0.60	0.013	0.046	0.183
214	LTNC11	[WRC293-001]	20.00	35.1970383	-82.9847656	Bracken Creek	20	4.3	0.549	0.577	4.3	11.4	6.7	20.5	0.35	0.005	-0.017	-0.061
215	LTNC110	[D902-001]	20.00	35.282125	-83.265064	Tatham Creek	20	2.2	0.300	0.282	2.2	21.8	4.3	Infinite	0.49	-0.029	-0.025	0.068
216	LTNC111	[D903-001]	30.00	35.248756	-83.267727	Shell Branch	30	2.5	0.325	0.298	2.4	15.8	4.0	158.0	0.49	-0.017	-0.011	0.072
217	LTNC112	[D906-001]	39.00	35.302122	-83.372431	Huckleberry Creek	39	2.0	0.260	0.247	2.0	33.2	13.5	208.8	0.54	0.007	0.014	0.119
218	LTNC113	[D907-001]	36.00	35.302543	-83.341682	Beasley Creek	36	1.8	0.199	0.198	1.8	43.6	8.2	Infinite	0.57	0.016	0.038	0.150
219	LTNC12	[WRC295-001]	20.00	35.2826209	-82.9853557	Charley Creek	20	4.8	0.529	0.512	4.8	59.2	24.6	Infinite	0.36	-0.026	0.014	-0.068
220	LTNC13	[WRC296-001]	20.00	35.2201	-82.95806	Cold Creek	20	5.0	0.583	0.631	5.0	31.0	18.2	71.8	0.31	-0.006	-0.018	-0.113
221	LTNC14	[WRC302-001]	20.00	35.2028632	-83.1893383	Gem Creek	20	3.6	0.479	0.494	3.6	35.2	15.3	702.6	0.37	-0.023	-0.047	-0.050
222	LTNC15	[WRC306-001]	20.00	35.2788805	-83.0250111	Jeff Creek	20	1.8	0.263	0.240	1.8	1.9	1.1	4.4	0.52	-0.018	-0.018	0.108
223	LTNC16	[WRC308-001]	20.00	35.2016225	-83.2125065	Little Pine Creek	20	4.8	0.650	0.662	4.8	12.9	9.0	19.5	0.29	-0.006	-0.052	-0.124
224	LTNC17	[WRC310-001]	20.00	35.2564608	-83.1336517	Mill Creek	20	3.6	0.514	0.551	3.6	13.7	9.5	20.8	0.35	-0.009	-0.068	-0.065
225	LTNC18	[WRC311-001]	20.00	35.167814	-83.1852347	Mill Creek	20	4.1	0.567	0.573	4.1	22.0	12.0	56.9	0.34	-0.008	-0.046	-0.078
226	LTNC19	[WRC318-001]	20.00	35.2766748	-83.0144098	Sols Creek	20	4.8	0.583	0.600	4.8	15.2	11.2	21.5	0.33	-0.007	-0.018	-0.092
227	LTNC2	[NC02-001]	42.00	35.48692	-83.18631	Soco Creek	42	2.3	0.357	0.353	2.3	25.3	12.0	71.6	0.48	0.009	-0.025	0.059
229	LTNC21	[WRC322-001]	20.00	35.2096888	-83.1164218	Trout Creek	20	4.8	0.620	0.663	4.8	4.0	2.9	6.0	0.31	0.015	-0.031	-0.111
230	LTNC22	[WRC119-001]	20.00	35.2551992	-83.5906381	UT Otter Creek	20	1.5	0.150	0.144	1.5	36.2	2.1	Infinite	0.59	-0.003	0.033	0.167
231	LTNC23	[WRC022-001]	20.00	35.254525	-83.966819	(C) Sassafras Creek (incl. trib.)	20	2.1	0.175	0.211	2.1	44.0	5.5	Infinite	0.53	-0.023	0.010	0.105
232	LTNC24	[WRC120-001]	20.00	35.023508	-83.487356	Yellow Patch Branch	20	4.5	0.506	0.509	4.5	237.0	27.4	Infinite	0.37	-0.012	0.012	-0.048
233	LTNC25	[WRC023-001]	20.00	35.2455342	-83.8856125	Bear Creek	20	2.0	0.252	0.264	2.0	22.3	3.6	Infinite	0.51	-0.017	-0.018	0.086
234	LTNC26	[WRC025-001]	20.00	35.3259869	-83.9640204	Wright Creek	20	1.7	0.138	0.169	1.7	24.1	2.8	Infinite	0.58	-0.004	0.031	0.157
235	LTNC27	[NC04-001]	40.00	35.5288	-83.1922	Madcap Branch	40	2.3	0.348	0.346	2.2	50.0	15.5	Infinite	0.47	-0.008	-0.042	0.044
236	LTNC28	[NC05-001]	39.00	35.4902	-83.2151	Jenkin's Creek	39	4.2	0.538	0.536	3.8	40.9	24.6	84.5	0.34	-0.024	-0.061	-0.081
237	LTNC29	[NC06-001]	24.00	35.4995	-83.1746	Rough Branch	24	3.8	0.458	0.532	3.7	10.8	6.7	18.1	0.37	-0.003	-0.041	-0.046
238	LTNC3	[NC03-001]	40.00	35.52025	-83.22418	Big Witch Creek	40	3.6	0.450	0.436	3.4	22.6	14.4	38.3	0.40	-0.023	-0.030	-0.018
240	LTNC31	[WRC376-001]	40.00	35.26218	-84.04492	Tellico River	40	3.1	0.248	0.251	2.6	97.5	24.4	Infinite	0.53	-0.004	0.038	0.096
241	LTNC32	[WRC377-001]	34.00	35.25168	-84.0299	Round Mountain Branch	34	2.4	0.250	0.255	2.3	Infinite	36.9	Infinite	0.52	-0.010	0.014	0.090
242	LTNC33	[WRC378-001]	31.00	35.27757	-83.99892	Snowbird Creek	31	3.3	0.371	0.373	3.1	96.8	25.5	Infinite	0.44	-0.022	-0.012	0.008
245	LTNC36	[WRC384-001]	28.00	35.384962	-83.079766	Dark Ridge Creek	28	4.0	0.470	0.470	3.8	57.9	25.2	108357.6	0.38	-0.026	-0.022	-0.045
246	LTNC37	[WRC109-001]	19.00	35.39795	-83.993239	Slickrock Creek	19	2.2	0.298	0.273	2.2	14.2	2.5	Infinite	NA	NA	NA	NA
247	LTNC38	[WRC100-001]	20.00	35.051127	-83.4433848	Henson Creek	20	2.8	0.367	0.382	2.8	10.3	3.1	37.7	0.43	-0.032	-0.048	0.012
248	LTNC39	[WRC103-001]	20.00	35.3365644	-83.4061966	Little Laurel Creek (trib. of Alarka Cr.)	20	1.6	0.167	0.156	1.6	0.8	0.4	1.5	0.58	-0.010	0.025	0.162
250	LTNC40	[WRC105-001]	20.00	35.0812545	-83.2460064	Long Branch	20	4.1	0.567	0.592	4.1	19.9	11.3	45.1	0.33	-0.011	-0.060	-0.092
251	LTNC41	[WRC107-001]	20.00	35.2703011	-84.0475248	Peckerwood Creek	20	2.4	0.221	0.235	2.4	19.6	5.3	Infinite	0.52	-0.024	0.020	0.098
252	LTNC42	[WRC110-001]	20.00	35.0512067	-83.2553861	Turtle Pond Creek	20	2.5	0.388	0.383	2.5	14.1	2.3	Infinite	0.45	-0.009	-0.041	0.034
253	LTNC43	[WRC114-001]	20.00	35.032742	-83.436394	UT to Coweeta Creek (near Reynolds Gap)	20	1.3	0.063	0.051	1.3	0.9	0.1	20.9	0.63	-0.017	0.060	0.213
254	LTNC44	[WRC115-001]	20.00	35.2175734	-83.2342281	Wildcat Creek	20	2.8	0.479	0.482	2.8	13.4	4.8	62.2	0.38	-0.021	-0.094	-0.036
256	LTNC46	[WRC118-001]	20.00	35.249133	-83.669244	Pierce Creek ( also listed as Piercy Creek)	20	1.3	0.096	0.119	1.3	2776.9	0.2	Infinite	0.62	0.014	0.050	0.197
257	LTNC47	[WRC267-001]	20.00	35.382	-83.12	(A) South Fork Sugarloaf Creek	20	1.8	0.292	0.288	1.8	33.0	3.9	Infinite	0.50	-0.013	-0.036	0.076
258	LTNC48	[WRC268-001]	5.00	35.392	-83.133	(A) Sugarloaf Creek (below barrier)	5	3.4	0.350	0.568	3.4	1.3	1.0	1.9	NA	NA	NA	NA
259	LTNC49	[WRC269-001]	19.00	35.388	-83.126	(A) UT Sugarloaf Creek	19	1.9	0.298	0.320	1.9	24.1	6.8	Infinite	NA	NA	NA	NA
270	LTNC58	[WRC282-001]	20.00	35.3280919	-83.0582684	(D) Chastine Creek (incl. tribs.)	20	2.1	0.288	0.252	2.1	151.1	12.6	Infinite	0.51	-0.017	-0.007	0.094
271	LTNC59	[WRC283-001]	20.00	35.347	-83.054	(D) Craig Creek	20	2.2	0.283	0.280	2.2	24.3	9.4	753.1	0.49	-0.023	-0.018	0.074
272	LTNC6	[WRC101-001]	20.00	35.1570048	-83.2625388	Ledford Branch	20	1.3	0.108	0.131	1.3	1.2	0.1	20.5	0.62	0.022	0.052	0.206
273	LTNC60	[WRC284-001]	20.00	35.3360411	-83.05636282	(D) Frady Creek	20	2.0	0.279	0.271	2.0	Infinite	14.4	Infinite	0.50	-0.025	-0.026	0.069
275	LTNC62	[WRC299-001]	20.00	35.4191386	-83.1907797	Fisher Creek	20	2.0	0.238	0.251	2.0	12.1	2.3	Infinite	0.52	-0.019	-0.009	0.099
276	LTNC63	[WRC304-002]	19.00	35.333816	-83.3062694	Greens Creek	19	3.3	0.158	0.285	3.3	0.5	0.4	0.6	NA	NA	NA	NA
277	LTNC64	[WRC305-001]	20.00	35.2200232	-83.1506208	Hunter Jim Creek	20	1.8	0.242	0.231	1.8	18.7	3.0	Infinite	0.53	-0.013	-0.001	0.115
279	LTNC66	[WRC309-001]	20.00	35.2171902	-83.1048686	Little Trout Creek	20	3.4	0.429	0.406	3.4	27.7	12.5	182.1	0.42	-0.020	-0.009	0.001
280	LTNC67	[WRC312-001]	20.00	35.2339737	-83.0196683	Neddie Creek	20	2.0	0.256	0.237	2.0	39.0	7.6	Infinite	0.51	-0.027	-0.011	0.090
281	LTNC68	[WRC319-001]	20.00	35.2847512	-82.9434836	Tanassee Creek	20	1.3	0.121	0.127	1.3	144.3	1.6	Infinite	0.59	-0.013	0.023	0.174
282	LTNC69	[WRC323-001]	20.00	35.3482953	-83.1325927	Wayehutta Creek	20	2.8	0.371	0.402	2.8	3.9	2.1	10.6	0.42	-0.028	-0.055	-0.002
283	LTNC7	[WRC106-001]	20.00	35.0980559	-83.1887634	Norton Prong	20	4.7	0.575	0.613	4.7	23.1	14.4	44.7	0.31	-0.016	-0.039	-0.110
284	LTNC70	[WRC366-001]	20.00	35.24075	-83.582694	Big Branch	20	1.6	0.096	0.098	1.6	0.7	0.3	1.6	0.62	0.003	0.068	0.205
285	LTNC71	[WRC369-001]	20.00	35.3657942	-83.0204091	Mull Creek	20	2.9	0.329	0.312	2.9	13.0	3.2	117.9	0.46	-0.037	0.000	0.047
286	LTNC72	[WRC024-001]	20.00	35.328906	-84.016292	Whigg Branch	20	2.8	0.488	0.499	2.8	6.8	3.0	13.0	0.39	0.000	-0.085	-0.037
290	LTNC76	[WRC116-001]	20.00	35.039192	-83.574072	Buck Creek	20	4.4	0.525	0.523	4.4	57.6	25.2	Infinite	0.39	0.014	0.027	-0.034
291	LTNC77	[WRC278-001]	20.00	35.35	-83.088	(C) East Fork Moses	20	2.4	0.304	0.325	2.4	11.8	2.7	218.4	0.47	-0.016	-0.024	0.057
292	LTNC78	[WRC279-001]	20.00	35.3312291	-83.1007775	(C) Moses Creek	20	2.3	0.321	0.299	2.3	Infinite	16.2	Infinite	0.49	-0.018	-0.014	0.059
293	LTNC79	[WRC280-001]	20.00	35.338	-83.098	(C) Moses Creek	20	2.6	0.308	0.319	2.6	9.9	3.2	28.5	0.48	-0.016	-0.008	0.049
294	LTNC8	[WRC111-001]	20.00	35.3374603	-83.3784729	Upper Long Branch	20	3.0	0.250	0.260	3.0	12.0	4.9	37.2	0.52	-0.013	0.058	0.100
296	LTNC81	[WRC285-001]	20.00	35.3300556	-83.0012443	(F) Bearwallow Creek (including tribs.)	20	5.1	0.633	0.669	5.1	13.4	10.0	18.5	0.28	-0.014	-0.038	-0.133
297	LTNC82	[WRC286-001]	20.00	35.332	-82.999	(F) Birch Ridge Creek	20	4.2	0.563	0.555	4.2	17.8	10.5	36.5	0.34	-0.016	-0.037	-0.074
298	LTNC83	[WRC287-001]	20.00	35.179	-83.076	(G) Cow Mountain Branch	20	5.3	0.658	0.648	5.3	26.2	17.3	46.3	0.30	-0.005	-0.002	-0.118
299	LTNC84	[WRC288-001]	20.00	35.186	-83.078	(G) Mill Creek	20	5.3	0.654	0.679	5.3	40.3	25.2	84.5	0.29	-0.006	-0.020	-0.138
300	LTNC85	[WRC289-001]	20.00	35.176	-83.061	(G) Packs Creek	20	4.3	0.658	0.617	4.3	32.2	17.5	97.7	0.31	-0.017	-0.061	-0.113
301	LTNC86	[WRC290-001]	20.00	35.183	-83.082	(G) Shelton Creek	20	4.4	0.583	0.590	4.4	17.4	10.3	34.8	0.33	-0.004	-0.031	-0.084
302	LTNC87	[WRC291-001]	20.00	35.2644016	-83.0185048	(H) Sols Creek	20	3.3	0.383	0.381	3.3	46.7	14.8	Infinite	0.45	-0.014	0.004	0.021
303	LTNC88	[WRC292-001]	20.00	35.3523882	-83.0155009	Beechflat Creek	20	3.3	0.532	0.519	3.3	1.9	1.5	2.4	0.39	0.012	-0.051	-0.024
305	LTNC9	[WRC112-001]	20.00	35.1334328	-83.2059302	UT Buck Creek	20	2.2	0.263	0.271	2.2	Infinite	20.1	Infinite	0.49	-0.036	-0.026	0.057
306	LTNC90	[WRC297-001]	20.00	35.2186559	-83.2097509	Dodgen Creek	20	4.0	0.571	0.571	4.0	24.5	14.5	53.7	0.35	0.004	-0.039	-0.067
307	LTNC91	[WRC300-001]	20.00	35.2204377	-83.0327662	Flat Creek	20	4.1	0.454	0.486	4.1	25.1	13.2	75.3	0.38	-0.023	-0.009	-0.042
308	LTNC92	[WRC301-001]	20.00	35.2883362	-82.9733704	Gage Creek	20	5.1	0.654	0.638	5.1	8.9	6.5	12.0	0.31	0.000	-0.007	-0.114
309	LTNC93	[WRC313-001]	20.00	35.3235915	-82.9913537	Piney Mountain Creek	20	4.8	0.671	0.654	4.8	15.3	10.3	24.6	0.29	-0.010	-0.045	-0.124
310	LTNC94	[WRC314-001]	20.00	35.2568349	-82.9362342	Pinhook Creek	20	3.2	0.375	0.436	3.2	3.8	2.6	7.2	0.41	-0.015	-0.037	-0.012
311	LTNC95	[WRC315-001]	20.00	35.2488885	-83.2674832	Shell Branch	20	2.2	0.292	0.260	2.2	12.8	3.1	136.5	0.51	-0.021	-0.005	0.092
313	LTNC97	[WRC317-001]	20.00	35.2007229	-83.0039466	Slickens Creek	20	4.1	0.686	0.654	4.1	36.9	18.2	189.2	0.33	0.031	-0.054	-0.089
314	LTNC98	[WRC320-001]	19.00	35.2802563	-83.2630471	Tatham Creek	19	2.6	0.404	0.376	2.6	6.4	2.5	16.7	NA	NA	NA	NA
315	LTNC99	[WRC324-004]	15.00	35.2665208	-82.9695989	Wolf Creek	15	4.9	0.633	0.607	4.9	36.7	18.5	185.2	NA	NA	NA	NA
316	MPPS1	[LR_2013_211]	29.00	35.598205	-83.501998	Meigs Post Prong Site 1	29	1.8	0.172	0.185	1.8	Infinite	19.7	Infinite	0.55	-0.017	0.017	0.123
317	MPPS2	[LR_2013_240]	31.00	35.594744	-83.49822	Meigs Post Prong Site 2	31	1.8	0.076	0.094	1.6	2.3	0.3	49.6	0.63	0.007	0.081	0.210
318	PFBNC1	[NC01-001]	42.00	35.46629	-83.04172	Hyatt Cove Creek	42	2.8	0.433	0.434	2.7	32.4	12.5	226.2	0.42	-0.007	-0.058	-0.005
319	PFBNC10	[WRC246-001]	20.00	35.4136987	-83.0132106	Old Bald Creek	20	4.1	0.425	0.396	4.1	68.8	24.3	Infinite	0.42	-0.031	0.030	-0.010
320	PFBNC100	[WRC217-001]	20.00	35.721547	-82.254889	Right Prong South Toe River	20	5.7	0.622	0.692	5.7	28.7	17.7	58.6	0.28	-0.009	-0.006	-0.144
321	PFBNC101	[WRC219-001]	19.00	35.76075	-82.192601	Roaring Fork	19	3.7	0.456	0.476	3.7	4.4	2.8	7.2	NA	NA	NA	NA
322	PFBNC102	[WRC222-001]	20.00	36.1015896	-82.0403139	Sandbank Creek	20	2.5	0.483	0.487	2.5	2.1	1.6	2.8	0.39	-0.006	-0.101	-0.029
324	PFBNC104	[WRC225-001]	20.00	36.136075	-82.221978	Spring Creek	20	4.1	0.596	0.597	4.1	13.3	8.6	22.3	0.32	-0.015	-0.065	-0.094
325	PFBNC105	[WRC226-001]	20.00	36.0048744	-82.0796566	Stagger Weed Creek	20	3.6	0.552	0.530	3.6	9.8	6.2	15.8	0.39	0.013	-0.034	-0.043
326	PFBNC106	[WRC227-001]	20.00	35.8172014	-82.1783762	UT Little White Oak Creek	20	4.5	0.558	0.582	4.5	8.9	6.0	13.1	0.32	-0.022	-0.038	-0.107
327	PFBNC107	[WRC235-001]	20.00	35.511961	-83.0311825	Gaddis Branch	20	2.9	0.367	0.374	2.9	18.5	9.1	57.7	0.44	-0.026	-0.024	0.021
328	PFBNC108	[WRC236-001]	20.00	35.5658324	-83.08157727	Hemphill Branch	20	4.1	0.475	0.491	4.1	10.0	5.8	17.8	0.38	-0.015	-0.007	-0.034
329	PFBNC109	[WRC242-001]	20.00	35.439484	-82.9913905	Medford Branch	20	3.4	0.404	0.436	3.4	28.8	12.3	354.6	0.41	-0.019	-0.019	-0.009
330	PFBNC11	[WRC250-001]	20.00	35.4082192	-83.9945695	Shiny Creek	20	2.9	0.325	0.368	2.9	20.7	8.8	126.5	0.44	-0.025	-0.023	0.021
331	PFBNC110	[WRC245-001]	20.00	35.4113281	-83.016928	Old Bald Creek	20	4.2	0.447	0.439	4.2	156.2	35.0	Infinite	0.40	-0.028	0.015	-0.021
332	PFBNC111	[WRC249-001]	15.00	35.335311	-82.889639	Sam Branch	15	1.9	0.317	0.337	1.9	35.5	5.4	Infinite	NA	NA	NA	NA
333	PFBNC112	[WRC254-001]	20.00	35.458564	-83.085531	Winchester Creek	20	1.6	0.179	0.177	1.6	5.1	0.7	Infinite	0.55	-0.027	-0.004	0.123
334	PFBNC113	[WRC026-001]	20.00	36.016006	-82.684572	(A) East Prong Hickey Fork	20	2.6	0.438	0.444	2.6	117.7	17.0	Infinite	0.41	-0.015	-0.076	-0.006
335	PFBNC114	[WRC027-001]	20.00	35.4315423	-82.6826226	(B) Fletcher Creek	20	3.2	0.317	0.369	3.2	10.2	4.9	22.4	0.47	0.007	0.025	0.057
336	PFBNC115	[WRC028-001]	20.00	35.4346241	-82.68400165	(B) Spencer Branch	20	2.5	0.263	0.278	2.5	3.2	2.0	8.5	0.52	0.005	0.032	0.101
340	PFBNC119	[WRC326-001]	20.00	36.1950526	-81.9551761	Fall Creek	20	2.0	0.171	0.180	2.0	21.2	3.0	Infinite	0.59	0.021	0.067	0.171
342	PFBNC120	[WRC327-001]	19.00	36.1854005	-81.7095864	Harrison Branch	19	3.9	0.492	0.489	3.9	35.3	13.1	Infinite	NA	NA	NA	NA
345	PFBNC123	[WRC330-001]	20.00	36.196714	-81.7076549	Laurel Fork	20	5.2	0.642	0.642	5.2	37.1	20.1	119.2	0.31	0.001	-0.006	-0.113
346	PFBNC125	[WRC339-001]	20.00	36.2149634	-81.8216606	Worley Creek	20	2.5	0.467	0.451	2.5	19.3	6.0	Infinite	0.40	-0.019	-0.092	-0.019
347	PFBNC126	[WRC036-001]	19.00	35.1531241	-82.8544272	(K) Diamond Creek (above falls)	19	1.8	0.236	0.278	1.8	Infinite	9.1	Infinite	NA	NA	NA	NA
348	PFBNC127	[WRC037-001]	19.00	35.148	-82.841	(K) Diamond Creek (below falls)	19	3.3	0.573	0.503	3.3	14.5	7.3	37.4	NA	NA	NA	NA
353	PFBNC131	[WRC043-001]	20.00	35.317274	-82.7989204	Big Bearpen Branch	20	2.9	0.538	0.490	2.9	11.9	6.7	23.0	0.41	0.011	-0.057	-0.009
354	PFBNC132	[WRC044-001]	20.00	35.1263498	-82.7254991	Bradley Creek	20	5.0	0.707	0.664	5.0	37.3	21.2	101.0	0.30	0.006	-0.023	-0.120
357	PFBNC135	[WRC047-001]	19.00	35.2452798	-82.8250315	Cathys Creek (above falls)	19	5.2	0.667	0.652	5.2	60.3	30.1	426.6	NA	NA	NA	NA
358	PFBNC136	[WRC048-001]	20.00	35.2279072	-82.8089636	Cedar Rock Creek	20	4.3	0.458	0.603	4.3	2.2	1.9	2.6	0.32	-0.011	-0.050	-0.098
360	PFBNC138	[WRC054-001]	20.00	35.1953627	-82.7006818	Hogsed Creek	20	2.8	0.408	0.423	2.8	12.1	3.2	63.9	0.47	0.030	-0.008	0.051
361	PFBNC139	[WRC055-001]	20.00	35.2269765	-82.8036075	Kagle Branch	20	3.3	0.433	0.501	3.3	1.3	1.1	1.6	0.39	0.004	-0.042	-0.020
362	PFBNC14	[WRC086-001]	20.00	35.3011132	-82.7014008	North Prong Turkey Creek	20	1.6	0.163	0.158	1.6	2.4	0.3	Infinite	0.58	-0.007	0.029	0.161
363	PFBNC140	[WRC056-001]	19.00	35.2453111	-82.7890818	Kuykendall Creek	19	2.8	0.474	0.478	2.8	8.7	4.4	16.6	NA	NA	NA	NA
364	PFBNC141	[WRC058-001]	20.00	35.3211685	-82.8026481	Log Hollow Branch	20	2.3	0.333	0.316	2.3	6.1	2.6	14.0	0.50	0.002	-0.011	0.070
365	PFBNC142	[WRC059-001]	20.00	35.3240283	-82.7897053	Looking Glass Creek	20	4.5	0.571	0.559	4.5	10.4	6.8	16.2	0.35	-0.006	-0.011	-0.066
366	PFBNC144	[WRC067-001]	20.00	35.3017378	-82.803234	Rockhouse Creek	20	2.4	0.392	0.399	2.4	42.5	11.1	Infinite	0.46	0.007	-0.041	0.031
367	PFBNC145	[WRC068-001]	20.00	35.5621703	-82.3555376	Rocky Fork	20	4.6	0.583	0.588	4.6	44.0	23.2	172.5	0.35	0.004	-0.007	-0.077
370	PFBNC148	[WRC071-001]	20.00	35.3216175	-82.6885368	Sutton Creek	20	5.0	0.608	0.630	5.0	4.4	3.0	6.0	0.32	0.002	-0.004	-0.101
371	PFBNC149	[WRC072-001]	20.00	35.2333527	-82.8211449	Tarkiln Branch	20	4.7	0.546	0.592	4.7	22.5	13.2	48.8	0.33	-0.004	-0.015	-0.087
374	PFBNC152	[WRC077-001]	20.00	35.3352984	-82.8026901	UT Looking Glass Creek (@ Bennet Cove)	20	4.2	0.613	0.579	4.2	21.1	10.5	69.3	0.33	-0.015	-0.047	-0.085
377	PFBNC155	[WRC080-001]	20.00	35.3387483	-82.7923259	UT to Looking Glass Creek (@ Cherry Cove)	20	3.8	0.625	0.590	3.8	34.7	15.9	284.4	0.33	-0.007	-0.073	-0.091
378	PFBNC156	[WRC081-001]	20.00	35.148281	-82.594131	Wildcat Branch	20	4.3	0.533	0.557	4.3	13.2	7.9	24.0	0.36	0.003	-0.012	-0.052
379	PFBNC157	[WRC084-001]	20.00	35.2791541	-82.88750234	Chestnut Creek	20	2.3	0.388	0.355	2.3	15.1	6.2	63.6	0.48	0.008	-0.023	0.062
380	PFBNC158	[D712-001]	86.00	36.1187367	-81.785994	Boone Fork	86	1.1	0.002	0.002	1.0	Infinite	Infinite	Infinite	0.83	0.154	0.241	0.399
381	PFBNC159	[D904-001]	48.00	35.65536	-82.41322	Left Fork Beetree Creek	48	1.6	0.182	0.179	1.5	2.2	1.4	3.4	0.62	0.050	0.066	0.201
382	PFBNC16	[WRC088-001]	20.00	35.720176	-82.8363434	UT Friezland Creek	20	2.2	0.345	0.316	2.2	21.8	7.2	Infinite	0.47	-0.024	-0.042	0.051
383	PFBNC160	[D905-001]	40.00	35.66236	-82.29021	Flat Creek	40	1.9	0.292	0.306	1.9	7.4	2.6	20.5	0.53	0.025	-0.004	0.098
384	PFBNC161	[D908-001]	40.00	35.72633	-82.33578	North Fork Swannanoa River	40	1.3	0.042	0.038	1.2	2.4	0.2	39.0	0.73	0.075	0.152	0.306
386	PFBNC17	[WRC089-001]	20.00	35.1317496	-82.633079	Walker Branch	20	3.8	0.533	0.530	3.8	15.1	9.5	27.0	0.37	-0.004	-0.041	-0.049
388	PFBNC19	[WRC050-001]	20.00	35.2919502	-82.815768	Cove Creek	20	1.6	0.121	0.157	1.6	Infinite	2.5	Infinite	0.59	-0.001	0.035	0.157
389	PFBNC21	[WRC238-001]	20.00	35.520511	-83.1329804	Indian Creek	20	2.5	0.358	0.312	2.5	Infinite	56.7	Infinite	0.47	-0.030	-0.021	0.041
391	PFBNC23	[WRC034-001]	20.00	35.1911007	-82.8208899	(J) Sawmill Creek (above falls)	20	1.3	0.121	0.111	1.3	6.5	0.6	Infinite	0.61	-0.005	0.032	0.179
392	PFBNC24	[WRC371-001]	20.00	35.088828	-82.756712	South Prong Glady Fork	20	4.3	0.450	0.457	4.3	48.8	17.6	Infinite	0.41	-0.003	0.039	-0.015
393	PFBNC25	[WRC372-001]	20.00	35.089306	-82.741648	Jane Cantrell Creek	20	2.4	0.279	0.267	2.4	17.4	5.1	Infinite	0.52	-0.003	0.024	0.102
394	PFBNC26	[WRC373-001]	20.00	35.108285	-82.701368	Hickory Flat Creek	20	1.3	0.050	0.070	1.3	Infinite	Infinite	Infinite	0.62	-0.009	0.051	0.195
396	PFBNC28	[WRC382-001]	20.00	35.120125	-82.75003	Laurel Branch (Murr Creek) Above Falls	20	4.3	0.458	0.476	4.3	53.0	22.1	Infinite	0.40	-0.010	0.021	-0.028
398	PFBNC3	[WRC064-001]	20.00	35.3536568	-82.7777478	Pigeon Branch	20	4.7	0.604	0.601	4.7	15.9	10.1	27.8	0.34	0.005	-0.012	-0.080
400	PFBNC31	[WRC042-001]	20.00	35.462239	-82.689914	Beaverdam Creek	20	2.2	0.278	0.321	2.2	7.3	2.3	27.6	0.50	0.006	-0.013	0.072
401	PFBNC32	[WRC051-001]	20.00	35.1232614	-82.7047303	East Fork French Broad River	20	1.7	0.158	0.170	1.7	67.6	2.0	Infinite	0.57	-0.006	0.024	0.142
403	PFBNC34	[WRC057-001]	19.00	35.361242	-82.683317	Laurel Creek	19	3.0	0.397	0.406	3.0	27.8	10.8	Infinite	NA	NA	NA	NA
404	PFBNC35	[WRC060-001]	20.00	35.756372	-82.946969	Maple Springs Branch	20	1.3	0.071	0.101	1.3	Infinite	6.7	Infinite	0.60	-0.016	0.032	0.170
405	PFBNC36	[WRC062-001]	20.00	35.798753	-82.368792	North Fork Ivy Creek	20	1.5	0.171	0.151	1.5	22.6	3.7	Infinite	0.58	-0.006	0.024	0.161
407	PFBNC38	[WRC065-001]	20.00	35.6694559	-82.3930353	Right Fork Beetree Creek	20	1.3	0.050	0.066	1.3	Infinite	2.1	Infinite	0.65	0.006	0.077	0.216
408	PFBNC39	[WRC066-001]	20.00	35.815297	-82.938686	Roaring Fork	20	1.8	0.229	0.215	1.8	2.1	0.4	264.9	0.56	0.010	0.022	0.143
409	PFBNC4	[WRC090-001]	20.00	35.33193	-82.65082	Woody Branch	20	1.8	0.217	0.214	1.8	8.5	1.0	Infinite	0.56	0.006	0.018	0.130
412	PFBNC42	[WRC082-001]	20.00	35.3314292	-82.6493749	Woody Branch	20	1.8	0.233	0.203	1.8	63.9	2.3	Infinite	0.56	0.004	0.027	0.135
413	PFBNC43	[WRC085-001]	20.00	35.2584604	-82.7535622	Mine Branch	20	1.4	0.117	0.121	1.4	1.9	0.3	102.0	0.61	0.005	0.047	0.195
414	PFBNC44	[WRC189-001]	20.00	35.87624	-82.234827	Ayles Creek	20	2.5	0.275	0.327	2.5	5.4	2.4	12.9	0.47	-0.019	-0.021	0.045
415	PFBNC45	[WRC190-001]	20.00	35.9652732	-82.4749537	Bald Mountain Creek	20	2.7	0.315	0.408	2.7	2.8	1.8	7.0	0.42	-0.023	-0.060	0.000
416	PFBNC46	[WRC196-001]	20.00	36.0968006	-82.1012793	Carvers Gap Creek	20	1.4	0.063	0.082	1.4	2.3	0.2	Infinite	0.61	-0.018	0.048	0.191
418	PFBNC48	[WRC198-001]	20.00	35.9602071	-82.0517815	Gouges Creek	20	2.2	0.258	0.246	2.2	38.9	12.1	Infinite	0.51	-0.020	0.002	0.092
419	PFBNC49	[WRC200-001]	20.00	36.083408	-82.115417	Holder Creek	20	2.8	0.308	0.306	2.8	83.4	12.9	Infinite	0.48	-0.025	0.000	0.047
420	PFBNC5	[WRC230-001]	20.00	35.4080126	-83.0011615	Cherry Cove Creek	20	3.3	0.371	0.378	3.3	980.5	24.8	Infinite	0.43	-0.032	-0.010	-0.002
421	PFBNC50	[WRC201-001]	20.00	36.082267	-82.063001	Jerry Creek	20	2.1	0.283	0.278	2.1	Infinite	13.1	Infinite	0.50	-0.022	-0.024	0.066
422	PFBNC51	[WRC203-001]	20.00	36.0956264	-82.0985289	Johns Camp Branch	20	1.9	0.238	0.239	1.9	12.7	2.3	Infinite	0.52	-0.019	-0.007	0.106
423	PFBNC52	[WRC204-001]	20.00	35.9845092	-82.044634	Jones Creek	20	2.2	0.283	0.313	2.2	155.2	7.4	Infinite	0.48	-0.015	-0.034	0.061
424	PFBNC53	[WRC209-001]	20.00	36.121701	-82.160219	Lyddies Creek	20	1.6	0.175	0.156	1.6	74.4	2.7	Infinite	0.57	-0.020	0.016	0.139
426	PFBNC55	[WRC212-001]	20.00	35.7970579	-82.2825554	Ogle Creek	20	1.5	0.179	0.147	1.5	Infinite	9.8	Infinite	0.58	-0.015	0.021	0.149
427	PFBNC56	[WRC214-001]	20.00	35.7731193	-82.3226384	Raven Fork	20	1.5	0.108	0.129	1.5	Infinite	1.5	Infinite	0.59	-0.007	0.035	0.163
428	PFBNC57	[WRC218-001]	20.00	36.116242	-82.050094	Roaring Creek	20	2.6	0.342	0.325	2.6	7.1	2.8	16.1	0.46	-0.026	-0.024	0.035
429	PFBNC58	[WRC220-001]	20.00	35.8482545	-82.2108422	Roaring Spout Branch (Above Falls)	20	1.3	0.138	0.127	1.3	12.3	2.1	Infinite	0.58	-0.022	0.014	0.166
431	PFBNC6	[WRC231-001]	20.00	35.4144916	-83.9934787	Deep Gap Creek	20	3.8	0.404	0.415	3.8	55.5	20.5	Infinite	0.41	-0.035	-0.002	-0.018
433	PFBNC61	[WRC228-001]	20.00	35.382768	-82.8093472	Bee Branch	20	2.1	0.288	0.263	2.1	1.0	0.7	1.4	0.50	-0.027	-0.023	0.082
435	PFBNC63	[WRC232-001]	19.00	35.4134934	-82.9919913	Deep Gap Creek	19	3.8	0.421	0.404	3.8	Infinite	52.2	Infinite	NA	NA	NA	NA
436	PFBNC64	[WRC233-001]	20.00	35.5284956	-83.1522215	Deep Gap Creek	20	3.2	0.417	0.395	3.2	18.5	6.4	371.2	0.42	-0.032	-0.025	0.004
437	PFBNC65	[WRC234-001]	20.00	35.54362	-83.1043	Fie Creek	20	3.4	0.404	0.425	3.4	1.8	1.5	2.2	0.42	-0.013	-0.007	0.008
438	PFBNC66	[WRC239-001]	20.00	35.5044723	-83.0939977	Johnson Branch	20	2.5	0.325	0.357	2.5	10.1	3.2	32.6	0.44	-0.033	-0.053	0.023
439	PFBNC67	[WRC240-001]	20.00	35.5194154	-83.158788	Long Branch	20	2.8	0.363	0.368	2.8	9.6	3.4	23.4	0.43	-0.031	-0.041	0.005
440	PFBNC68	[WRC241-001]	20.00	35.5350548	-83.1629576	Mashie Stomp Creek	20	2.9	0.421	0.399	2.9	15.0	7.0	45.1	0.42	-0.025	-0.041	0.006
441	PFBNC69	[WRC244-001]	20.00	35.435672	-82.934283	Nix Creek	20	2.1	0.292	0.252	2.1	636.1	8.2	Infinite	0.50	-0.028	-0.018	0.074
442	PFBNC7	[WRC237-001]	20.00	35.400362	-82.7949057	Hungry Creek	20	1.9	0.225	0.219	1.9	1.5	1.1	2.2	0.53	-0.021	0.002	0.117
443	PFBNC70	[WRC247-001]	20.00	35.4815135	-83.0456402	Plott Creek	20	2.8	0.363	0.357	2.8	25.4	9.9	1076.6	0.43	-0.040	-0.043	0.011
444	PFBNC71	[WRC248-001]	20.00	35.4263574	-83.0215477	Rocky Branch	20	1.8	0.163	0.212	1.8	7.0	1.7	77.5	0.54	-0.013	-0.001	0.112
445	PFBNC72	[WRC251-001]	20.00	35.4159817	-83.0244455	Steestachee Creek	20	2.5	0.229	0.257	2.5	18.1	6.5	217.6	0.50	-0.030	0.008	0.080
446	PFBNC73	[WRC255-001]	20.00	35.5108696	-83.1468679	Wolf Laurel Branch	20	3.4	0.525	0.522	3.4	8.7	5.2	14.3	0.38	-0.002	-0.054	-0.052
447	PFBNC74	[WRC325-001]	20.00	36.3214084	-81.7397625	Ellison Branch	20	3.3	0.496	0.456	3.3	6.7	2.5	17.9	0.40	-0.013	-0.042	-0.026
448	PFBNC75	[WRC328-001]	20.00	36.1862318	-81.7095216	Harrison Branch	20	4.2	0.468	0.497	4.2	24.5	11.9	96.6	0.38	-0.017	-0.002	-0.041
449	PFBNC77	[WRC333-001]	20.00	36.3274908	-81.7776488	North Fork Cove Creek	20	4.3	0.621	0.561	4.3	8.7	5.3	14.0	0.35	-0.007	-0.028	-0.080
450	PFBNC78	[WRC334-001]	20.00	36.1556859	-81.8987786	Ramp Branch	20	1.3	0.071	0.070	1.3	34.3	0.2	Infinite	0.64	0.010	0.070	0.221
451	PFBNC79	[WRC335-001]	20.00	36.1253758	-81.8201683	Shanty Spring Branch	20	2.8	0.408	0.432	2.8	4.8	1.9	15.4	0.41	-0.023	-0.067	-0.016
452	PFBNC80	[WRC337-001]	20.00	36.1505828	-81.9007725	UT to Elk River (upstream of Ramp Branch)	20	2.3	0.383	0.360	2.3	188.8	7.3	Infinite	0.47	-0.005	-0.041	0.048
453	PFBNC81	[WRC365-001]	20.00	35.4886448	-83.1133433	East Fork Campbell Creek	20	3.3	0.408	0.445	3.3	17.7	7.8	72.0	0.40	-0.026	-0.038	-0.020
454	PFBNC82	[WRC367-001]	20.00	35.449162	-82.7433732	Stony Fork	20	1.5	0.221	0.220	1.5	9.4	2.1	224.7	0.56	0.004	-0.001	0.127
455	PFBNC83	[WRC368-001]	20.00	35.3007729	-82.8198306	UT Cove Creek	20	1.7	0.213	0.205	1.7	4.8	1.2	70.5	0.56	0.006	0.018	0.140
457	PFBNC86	[WRC192-001]	20.00	35.740517	-82.21605	Big Lost Cove Creek	20	2.8	0.342	0.342	2.8	11.5	4.5	35.5	0.46	-0.022	-0.009	0.045
458	PFBNC87	[WRC193-001]	20.00	35.7732736	-82.2913318	Big Poplar Creek	20	2.6	0.354	0.374	2.6	48.7	11.8	Infinite	0.44	-0.020	-0.046	0.015
460	PFBNC89	[WRC195-001]	20.00	36.095653	-82.187814	Broad Branch	20	3.9	0.633	0.587	3.9	29.9	13.9	182.9	0.33	-0.010	-0.064	-0.088
462	PFBNC90	[WRC199-001]	20.00	35.710219	-82.251292	Hemphill Creek	20	5.2	0.725	0.669	5.2	27.8	15.9	68.2	0.28	-0.017	-0.035	-0.141
464	PFBNC92	[WRC205-001]	20.00	36.073842	-82.096161	Little Rock Creek	20	3.9	0.475	0.516	3.9	11.9	7.1	21.2	0.36	-0.026	-0.040	-0.058
465	PFBNC93	[WRC206-001]	20.00	35.8202383	-82.1830178	Little Whiteoak Creek	20	4.8	0.725	0.635	4.8	11.1	7.3	17.8	0.30	-0.017	-0.046	-0.118
466	PFBNC94	[WRC207-001]	20.00	35.8209539	-82.183294	Little Whiteoak Creek	20	4.9	0.525	0.641	4.9	6.2	3.7	8.9	0.29	-0.022	-0.045	-0.139
467	PFBNC95	[WRC208-001]	20.00	35.734181	-82.237019	Lower Creek	20	5.8	0.729	0.671	5.8	24.2	16.5	40.2	0.30	0.002	0.027	-0.121
468	PFBNC96	[WRC210-001]	20.00	35.7431237	-82.2121026	Neals Creek	20	3.3	0.600	0.586	3.3	13.0	5.1	47.6	0.35	0.002	-0.096	-0.070
469	PFBNC97	[WRC213-001]	19.00	35.9954945	-82.0266517	Pyatt Creek	19	4.5	0.700	0.598	4.5	3.0	2.5	4.8	NA	NA	NA	NA
470	PFBNC98	[WRC215-001]	20.00	36.077086	-82.087278	Reuban Creek	20	3.1	0.408	0.387	3.1	9.1	3.6	20.5	0.43	-0.020	-0.019	0.005
471	PFBNC99	[WRC216-001]	20.00	36.0899691	-82.2272378	Right Fork Beans Creek	20	3.5	0.500	0.509	3.5	49.9	17.7	Infinite	0.38	-0.003	-0.044	-0.044
472	SCS1	[LR_2013_331]	30.00	35.599257	-83.49679	Sweet Creek Site 1	30	2.1	0.157	0.172	2.0	87.9	12.2	Infinite	0.56	-0.011	0.038	0.136
473	SiCS2	[FC_2014_188]	50.00	35.580724	-83.567498	Silers Creek Site 2	50	1.9	0.194	0.201	1.8	23.9	9.3	89.7	0.58	0.019	0.042	0.157
474	STB	[LR_2013_361]	30.00	35.589128	-83.514027	Spud Town Branch	30	1.9	0.186	0.189	1.8	Infinite	7.1	Infinite	0.55	-0.011	0.018	0.124
475	TN01	[TN01-001]	34.00	36.19179	-82.10446	George Creek	34	2.7	0.324	0.321	2.5	9.1	3.5	20.0	0.50	0.008	0.008	0.068
476	TN02	[TN02-001]	34.00	36.17373	-82.21049	Clarke Creek	34	2.1	0.331	0.313	2.0	7.7	1.7	52.7	0.49	-0.007	-0.034	0.059
477	TN03	[TN03-001]	32.00	36.12929	-82.09356	Toms Creek	32	2.6	0.331	0.328	2.5	16.4	3.8	111.8	0.48	-0.013	-0.015	0.058
478	TN04	[TN04-001]	50.00	36.1452	-82.04849	Left Prong Hampton Creek (lower)	50	3.6	0.437	0.439	3.3	42.2	13.6	Infinite	0.41	-0.014	-0.031	-0.014
479	TN05	[TN05-001]	50.00	36.13995	-82.04641	Left Prong Hampton Creek (upper)	50	3.7	0.437	0.417	3.3	52.4	24.9	219.1	0.42	-0.015	-0.018	-0.004
480	TN09	[TN09-001]	15.00	35.80358	-83.02765	Deep Gap Creek	15	1.6	0.072	0.094	1.6	0.8	0.3	2.0	NA	NA	NA	NA
481	TN10	[TN10-001]	30.00	36.1481741	-82.1020676	Five Poplar Branch	30	2.2	0.331	0.314	2.1	11.5	2.2	200.2	0.51	0.018	-0.002	0.097
482	TN11	[TN11-001]	36.00	35.27136	-84.13839	Bald River	36	3.0	0.245	0.254	2.5	3.5	2.1	9.5	0.52	-0.007	0.031	0.100
483	TN12	[TN12-001]	36.00	35.27077	-84.13883	Brookshire Creek	36	5.8	0.590	0.621	5.4	57.8	31.8	166.8	0.30	-0.024	-0.003	-0.130
489	TN07	[TN07-001]	21.00	36.4715	-81.97623	Lindy Camp Branch	21	3.2	0.464	0.419	3.2	6.3	2.8	12.5	0.43	-0.010	-0.021	0.000
491	TN16	[TN16-001]	22.00	36.46861	-81.97776	Big Spur Branch	22	2.0	0.311	0.258	2.0	5.2	1.5	30.0	0.53	0.003	0.008	0.107
492	TN17	[TN17-001]	22.00	36.48027	-81.97548	Bakers Ridge Creek	22	3.2	0.337	0.328	3.1	13.8	6.2	40.5	0.49	0.001	0.037	0.073
493	TN20	[TN20-001]	20.00	36.60794	-81.6842	Whetstone Branch	20	1.8	0.275	0.242	1.8	1.8	1.0	3.3	0.54	0.006	0.006	0.126
494	TN08	[TN08-001]	21.00	36.61068	-81.65772	Bearpen Branch	21	3.8	0.568	0.512	3.8	6.0	3.1	9.7	0.37	-0.011	-0.032	-0.053
495	TN108	[TN108-001]	30.00	35.798245	-82.998145	Middle Prong Gulf Ck.	30	1.5	0.122	0.114	1.4	Infinite	15.0	Infinite	0.63	0.019	0.069	0.200
496	TN109	[TN109-001]	30.00	35.790545	-83.00505	Brown Gap Creek	30	1.6	0.097	0.108	1.6	1.2	0.5	2.4	0.64	0.028	0.086	0.223
497	TN110	[TN110-001]	30.00	35.87983	-82.95747	Dry Fork	30	2.3	0.277	0.251	2.1	Infinite	13.8	Infinite	0.54	0.015	0.028	0.115
498	TN111	[TN111-001]	30.00	35.86268	-82.92706	Wolf Creek	30	1.9	0.278	0.273	1.9	101.3	10.6	Infinite	0.52	-0.002	-0.014	0.100
499	TN112	[TN112-001]	30.00	35.95184	-82.827325	Sawmill Branch	30	2.5	0.303	0.292	2.4	16.5	3.0	Infinite	0.53	0.021	0.027	0.109
500	TN122	[TN122-001]	30.00	36.560025	-81.709925	Gentry Creek	30	4.3	0.500	0.539	4.1	47.2	23.3	225.5	0.35	-0.020	-0.040	-0.078
501	TN021	[TN021-001]	30.00	35.356325	-84.06547	Falls Branch	30	4.7	0.558	0.550	4.5	31.5	19.2	63.6	0.35	-0.008	-0.006	-0.069
502	TN025	[TN025-001]	20.00	35.33309	-84.05855	Sugar Cove Branch	20	3.9	0.576	0.546	3.9	2.8	2.2	4.6	0.38	0.013	-0.019	-0.040
503	TN065	[TN065-001]	30.00	36.069215	-82.596455	Ft. Davie Creek	30	4.8	0.604	0.640	4.7	32.8	21.0	61.3	0.29	-0.017	-0.054	-0.131
504	TN084	[TN084-001]	30.00	36.063575	-82.59212	Rocky Fork	30	5.1	0.532	0.606	4.9	62.0	34.3	196.8	0.30	-0.027	-0.036	-0.127
505	BarboursCreek	[VA02-001]	20.00	37.595815	-80.087905	Barbours Creek	20	5.0	0.567	0.630	5.0	58.1	28.5	457.1	0.33	0.011	0.005	-0.094
506	EwinsRun	[VA03-001]	20.00	37.539766	-80.293413	Ewins Run	20	4.3	0.529	0.523	4.3	27.2	16.8	55.5	0.42	0.041	0.044	-0.001
507	PicklesBranch	[VA04-001]	20.00	37.381798	-80.191154	Pickles Branch	20	3.0	0.446	0.448	3.0	34.3	11.1	Infinite	0.46	0.046	0.006	0.042
508	PaulsCreek	[VA15-001]	19.00	36.644512	-80.695658	Pauls Creek	19	4.3	0.518	0.566	4.3	40.0	14.5	Infinite	NA	NA	NA	NA
509	PDER1	[WRC344-001]	20.00	36.1995485	-81.5754174	Elk Creek	20	4.2	0.603	0.546	4.2	8.9	5.9	13.5	0.35	-0.020	-0.035	-0.082
510	PDER10	[WRC346-001]	18.00	36.436478	-81.074403	Horse Cove Branch	18	2.8	0.398	0.357	2.8	2.1	1.4	3.3	NA	NA	NA	NA
511	PDER11	[WRC347-001]	20.00	36.1049213	-81.542613	Joes Fork	20	3.3	0.458	0.472	3.3	3.3	2.5	6.8	0.39	-0.012	-0.042	-0.027
512	PDER12	[WRC348-001]	20.00	36.1775762	-81.5366649	Laurel Creek	20	2.6	0.358	0.372	2.6	7.6	2.8	19.6	0.47	0.002	-0.019	0.039
513	PDER13	[WRC349-001]	20.00	36.2654934	-81.4159139	Little Fork	20	2.4	0.413	0.361	2.4	16.1	5.3	186.9	0.47	-0.001	-0.026	0.053
514	PDER14	[WRC350-001]	10.00	36.449842	-80.943961	Long Creek	10	2.0	0.342	0.329	2.0	11.8	1.5	Infinite	NA	NA	NA	NA
515	PDER15	[WRC351-001]	19.00	36.264472	-81.398458	North Prong Lewis Fork	19	3.8	0.469	0.473	3.8	69.6	20.8	Infinite	NA	NA	NA	NA
516	PDER16	[WRC352-001]	20.00	36.0942326	-81.6082065	Ooten Creek	20	3.7	0.460	0.516	3.7	74.1	20.9	Infinite	0.39	0.004	-0.026	-0.040
518	PDER18	[WRC354-001]	20.00	36.1298035	-81.5893463	Rockhouse Creek	20	2.4	0.454	0.397	2.4	9.0	2.6	42.0	0.46	0.012	-0.037	0.031
519	PDER19	[WRC355-001]	20.00	36.1674302	-81.5537206	South Fork Laurel Creek	20	3.2	0.359	0.359	3.2	63.7	15.8	Infinite	0.47	-0.002	0.022	0.042
520	PDER2	[WRC358-001]	20.00	36.3966103	-81.1151767	UT Harris Creek	20	1.7	0.233	0.209	1.7	1.4	0.7	2.7	0.55	-0.004	0.009	0.140
524	PDER23	[WRC357-001]	20.00	36.448497	-80.961789	Stewart Fork	20	3.2	0.438	0.489	3.2	3.0	2.2	6.0	0.40	0.007	-0.045	-0.019
525	PDER24	[WRC361-001]	20.00	36.1151725	-81.6361518	UT Yadkin River (@ Caldwell/Watauga Co. line @ SR 1500)	20	3.7	0.550	0.542	3.7	26.1	13.3	89.4	0.37	0.003	-0.045	-0.051
526	PDER25	[D704-001]	26.00	36.1246884	-81.6368065	Martin Branch	26	3.3	0.391	0.378	3.1	35.3	11.1	Infinite	0.47	0.011	0.020	0.047
527	PDER26	[D705-001]	25.00	36.1181424	-81.6302791	Yadkin River	25	3.9	0.515	0.512	3.8	21.7	11.8	53.1	0.38	-0.002	-0.024	-0.038
529	PDER3	[WRC360-001]	20.00	36.4397214	-80.9656906	UT Mitchell River (@ Surry/Alleghany Co. line)	20	2.6	0.421	0.381	2.6	16.8	6.7	89.9	0.45	-0.010	-0.037	0.031
530	PDER4	[WRC364-001]	20.00	36.4198925	-81.1152104	UT Garden Creek	20	1.4	0.075	0.090	1.4	3.2	0.2	Infinite	0.63	0.012	0.072	0.213
531	PDER5	[WRC340-001]	20.00	36.1235508	-81.5949909	(B) Spanish Oak Branch	20	2.8	0.521	0.473	2.8	4.2	2.5	8.4	0.40	-0.009	-0.077	-0.026
532	PDER6	[WRC341-001]	20.00	36.431669	-80.952903	Bear Creek (UT Mitchell R. on Devotion Estate)	20	2.3	0.492	0.401	2.3	2.8	1.6	8.3	0.47	0.019	-0.036	0.047
534	PDER8	[WRC343-001]	20.00	36.1501125	-81.5394676	Dugger Creek	20	1.5	0.088	0.081	1.5	3.1	1.1	32.7	0.63	0.007	0.077	0.213
535	PDER9	[WRC345-001]	20.00	36.3989175	-81.1229172	Harris Creek	20	1.8	0.163	0.194	1.8	3.2	1.1	35.3	0.56	-0.003	0.025	0.139
536	SFStewartsCreek	[VA16-001]	24.00	36.592978	-80.79188	SF Stewarts Creek	24	2.5	0.302	0.289	2.4	94.1	17.3	Infinite	0.50	-0.014	0.002	0.068
537	FridleyGap2010	[AW1-001]	30.00	38.497356	-78.717291	Mountain Run	30	6.5	0.689	0.714	6.0	60.5	34.5	168.9	0.28	0.013	0.023	-0.146
538	DryRun2010	[AW1-031]	30.00	38.558933	-79.092305	Dry Run, N.F.	30	3.0	0.480	0.477	3.0	4.4	2.4	8.7	0.44	0.038	-0.020	0.016
539	SkidmoreFork2010	[AW1-061]	30.00	38.366106	-79.207234	Skidmore fork North River, N.F.	30	4.3	0.454	0.527	4.1	7.7	5.0	11.4	0.41	0.035	0.018	-0.020
540	ElkCreek2012	[AW1-091]	30.00	37.56566	-79.48229	East Fork Elk Creek	30	4.0	0.540	0.519	3.9	8.4	5.1	13.3	0.40	0.019	-0.002	-0.031
541	LittleStonyCreek2013	[AW2-025]	30.00	38.94517	-78.63751	Little Stony Creek	30	4.5	0.494	0.504	4.1	40.3	18.6	252.2	0.38	-0.002	-0.001	-0.042
542	LittleWilsonCreek2012	[AW2-055]	21.00	37.98309	-79.75844	Little Wilson Creek	21	3.8	0.585	0.568	3.8	2.8	2.0	5.5	0.38	0.025	-0.029	-0.040
543	NorthForkTyeRiver2012	[AW2-085]	30.00	37.87248	-79.05521	North Fork Tye River	30	5.4	0.568	0.566	5.1	Infinite	80.7	Infinite	0.42	0.066	0.094	-0.014
544	NobusinessCreek2013	[AW3-019]	30.00	37.24217	-80.90196	Nobusiness Creek	30	6.5	0.646	0.670	6.1	43.9	29.6	75.7	0.27	-0.022	0.015	-0.154
545	CarrickCreek	[AW4-001]	25.00	35.033222	-82.702944	Carrick Creek	25	5.8	0.569	0.678	5.8	6.0	4.4	7.7	0.27	-0.017	-0.003	-0.152
546	EmoryCreek	[AW4-031]	28.00	35.033139	-82.761028	Emory Creek	28	4.8	0.617	0.599	4.7	12.4	8.9	17.8	0.31	-0.025	-0.040	-0.109
547	FallsCreek	[AW4-061]	30.00	35.143528	-82.538944	Falls Creek	30	3.3	0.394	0.422	3.2	15.9	8.9	32.0	0.44	-0.001	-0.007	0.018
548	MathewsCreek	[AW4-091]	21.00	35.101444	-82.666	Matthews Creek	21	5.5	0.607	0.591	5.4	42.6	25.7	98.1	0.33	-0.007	0.033	-0.093
549	D707	[D707-001]	20.00	36.293816	-81.602125	UT South Fork New River	20	3.8	0.469	0.480	3.8	6.8	3.2	12.0	0.40	0.002	0.000	-0.023
550	D708	[D708-001]	54.00	36.27005	-81.45564	UT West Fork Pine Swamp Creek	54	5.9	0.588	0.597	5.2	33.0	20.8	58.7	0.31	-0.018	-0.001	-0.108
551	D709	[D709-001]	54.00	36.26992	-81.45647	West Fork Pine Swamp Creek	54	5.8	0.590	0.607	5.3	35.7	21.8	68.1	0.30	-0.024	-0.007	-0.121
553	D711	[D711-001]	48.00	36.289919	-81.43763	East Fork Pine Swamp Creek	48	5.3	0.580	0.553	4.7	40.3	26.9	67.5	0.33	-0.022	-0.013	-0.091
554	POAR1	[POAR1-01]	50.00	39.6659	-77.5459	Edgemont Reservoir	50	4.4	0.583	0.568	4.1	11.4	8.2	15.5	0.38	0.029	-0.009	-0.037
555	POCA1	[POCA1-001]	23.00	39.1218	-78.5043	Hawk Run	23	4.1	0.591	0.623	4.0	19.5	12.2	36.0	0.35	0.028	-0.041	-0.070
556	PONB1	[PONB1-01]	49.00	39.56505	-79.1526	Big Run	49	7.6	0.704	0.698	6.4	50.0	38.6	67.9	0.28	0.007	0.046	-0.144
557	PONB10	[MD35-001]	50.00	39.565446	-79.107979	Mainstem Savage River	50	7.8	0.675	0.688	6.4	1226.3	197.2	Infinite	0.28	0.003	0.051	-0.134
558	PONB11	[MD36-001]	50.00	39.586382	-79.095378	Poplar Lick	50	6.9	0.638	0.661	6.1	199.0	101.1	1448.6	0.29	-0.003	0.042	-0.125
559	PONB12	[MD37-001]	50.00	39.62059	-79.066713	Blue Lick	50	7.8	0.661	0.665	6.5	167.2	97.1	480.5	0.29	-0.006	0.057	-0.132
560	PONB2	[PONB2-01]	49.00	39.60631	-79.12489	Poplar Lick	49	6.8	0.649	0.663	6.0	168.1	91.1	674.7	0.30	0.009	0.039	-0.117
561	PONB3	[PONB3-01]	49.00	39.51775	-79.16868	Middle Fork Crabtree Creek	49	7.4	0.681	0.710	6.5	106.6	67.6	218.5	0.26	-0.006	0.031	-0.153
562	PONB4	[PONB4-01]	50.00	39.37217	-79.25085	Lostland Run	50	5.1	0.574	0.594	4.3	34.9	23.9	55.4	0.35	0.016	-0.021	-0.074
563	PONB5	[PONB5-01]	48.00	39.26321	-79.38213	Hindleg Run	48	3.0	0.326	0.317	2.8	7.0	3.3	12.8	0.55	0.060	0.083	0.127
564	PONB6	[PONB6-01]	50.00	39.52621	-79.04156	Mill Run	50	3.0	0.515	0.475	2.8	22.8	12.3	47.4	0.43	0.024	-0.049	0.005
565	PONB7	[PONB7-001]	30.00	39.27408	-79.31303	Difficult Creek	30	6.8	0.692	0.696	6.4	106.2	46.3	Infinite	0.30	0.021	0.067	-0.115
566	PONB8	[PONB8-001]	29.00	39.6443	-78.9357	Sand Spring Run	29	5.3	0.635	0.675	5.1	12.9	9.1	18.9	0.30	0.012	-0.019	-0.113
567	PONB9	[MD34-001]	50.00	39.594986	-79.051875	Little Savage River	50	7.3	0.679	0.679	6.3	90.2	61.1	156.6	0.29	0.001	0.044	-0.143
568	POSB1	[POSB1-001]	49.00	38.6474	-79.5013	Teter Camp Run	49	7.3	0.684	0.681	6.3	293.5	117.7	Infinite	0.28	-0.003	0.043	-0.139
569	POSB2	[POSB2-01]	25.00	38.8696	-79.4718	Horse Camp Run	25	5.8	0.653	0.654	5.7	31.4	19.6	62.5	0.33	0.024	0.045	-0.095
570	POSB3	[POSB3-001]	23.00	38.8793	-79.3423	Sawmill Run	23	6.3	0.640	0.677	6.1	57.0	33.5	147.5	0.31	0.014	0.052	-0.120
571	POSB4	[POSB4-001]	27.00	38.8789	-79.34	Powdermill Run	27	6.2	0.537	0.636	5.7	23.5	16.7	35.7	0.33	0.013	0.050	-0.092
572	POSB5	[POSB5-001]	20.00	38.9092	-79.3258	Zeke Run	20	2.3	0.375	0.326	2.3	8.3	2.6	29.8	0.53	0.042	0.023	0.102
573	POSB6	[POSB6-001]	30.00	39.2597	-78.7537	Mill Run	30	4.4	0.553	0.557	4.1	44.3	19.2	668.6	0.40	0.043	0.014	-0.026
574	POSB7	[POSB7-001]	30.00	38.9359	-79.3071	High Ridge Run	30	5.3	0.580	0.593	4.9	22.0	13.2	42.9	0.33	-0.012	-0.007	-0.094
575	POSB8	[POSB8-001]	30.00	38.9718	-79.2837	Samuel Run	30	5.8	0.592	0.664	5.4	22.8	16.3	34.1	0.30	0.005	0.000	-0.117
577	POSH10	[POSH10-001]	100.00	38.2685	-78.7011	Big Run	100	6.9	0.707	0.686	5.8	177.1	94.8	617.7	0.29	0.007	0.013	-0.132
578	POSH11	[POSH11-001]	50.00	38.3127	-78.6305	U. Hawksbill Creek	50	4.9	0.568	0.567	4.3	35.1	25.9	50.1	0.36	0.014	-0.008	-0.060
579	POSH12	[POSH12-01]	48.00	38.3685	-78.5602	Lee Run	48	3.5	0.510	0.495	3.2	27.5	15.7	56.1	0.43	0.043	-0.013	0.011
580	POSH13	[POSH13-02]	43.00	38.3326	-78.5982	Eaton Hollow	43	5.3	0.640	0.630	4.8	28.8	17.1	56.6	0.33	0.019	-0.010	-0.088
581	POSH14	[POSH14-01]	29.00	38.6329	-78.3432	Dry Run, N.F.	29	3.2	0.537	0.471	3.1	11.7	5.1	28.7	0.41	-0.002	-0.045	-0.010
582	POSH15	[POSH15-31]	29.00	38.6329	-78.3432	Dry Run, N.F.	29	3.1	0.428	0.433	3.0	14.1	7.6	29.8	0.43	0.006	-0.027	0.014
583	POSH16	[POSH16-01]	50.00	38.4318	-78.5374	S. Br. Naked Creek -1	50	6.2	0.647	0.645	5.3	301.5	107.0	Infinite	0.33	0.026	0.024	-0.093
584	POSH17	[POSH17-01]	50.00	38.4209	-78.5202	S. Br. Naked Creek -2	50	5.9	0.631	0.617	5.1	63.9	43.3	108.0	0.34	0.018	0.021	-0.089
585	POSH18	[POSH18-001]	50.00	38.4886	-78.4988	W. Br. Naked Creek	50	5.3	0.697	0.664	4.8	22.8	17.3	30.5	0.33	0.039	-0.006	-0.089
586	POSH19	[POSH19-001]	50.00	38.4935	-78.4595	E. Br. Naked Creek	50	3.0	0.429	0.467	2.8	214.9	24.0	Infinite	0.45	0.039	-0.027	0.027
588	POSH20	[POSH20-01]	38.00	38.4633	-78.4955	Big Creek	38	5.5	0.605	0.621	5.1	39.9	26.4	68.6	0.35	0.032	0.031	-0.071
589	POSH21	[POSH21-01]	33.00	38.5021	-78.5127	Harris Cove	33	3.5	0.530	0.476	3.4	4.9	3.0	9.6	0.45	0.045	0.014	0.023
590	POSH22	[POSH22-01]	25.00	38.5087	-78.5398	Fultz Run	25	4.8	0.618	0.604	4.7	47.3	27.7	118.8	0.36	0.030	0.016	-0.063
591	POSH23	[POSH23-01]	49.00	38.5198	-78.4459	Lewis Spring Branch	49	3.7	0.451	0.454	3.4	11.8	7.4	18.3	0.45	0.039	0.021	0.037
592	POSH24	[POSH24-001]	50.00	38.5456	-78.4286	Little Hawksbill Creek	50	5.3	0.675	0.655	5.0	39.8	27.0	64.4	0.29	-0.004	-0.037	-0.130
593	POSH25	[POSH25-01]	50.00	38.5524	-78.4134	Big Fill Hollow	50	4.1	0.592	0.564	3.8	12.8	9.1	17.8	0.35	0.001	-0.052	-0.065
594	POSH26	[POSH26-001]	50.00	38.5621	-78.3903	East Hawksbill Creek	50	3.6	0.524	0.524	3.3	72.0	35.8	308.9	0.38	0.012	-0.054	-0.043
595	POSH27	[POSH27-01]	50.00	38.6057	-78.3806	S. Fork Dry Run	50	2.6	0.423	0.401	2.5	24.5	10.5	77.5	0.48	0.035	-0.018	0.056
596	POSH28	[POSH28-001]	35.00	38.6519	-78.3551	Pass Run	35	5.8	0.744	0.693	5.4	13.3	10.3	17.2	0.31	0.026	0.008	-0.111
597	POSH29	[POSH29-036]	20.00	38.6519	-78.3551	Pass Run	20	5.3	0.746	0.709	5.3	28.8	18.5	54.4	0.32	0.043	0.006	-0.105
598	POSH3	[POSH3-001]	50.00	38.1596	-78.7912	Meadow Run	50	4.1	0.531	0.527	3.7	23.6	14.2	42.9	0.40	0.024	-0.018	-0.024
599	POSH30	[POSH30-001]	50.00	38.7523	-78.3092	Jeremy's Run	50	5.3	0.613	0.625	4.6	364.6	76.2	Infinite	0.32	0.002	-0.039	-0.106
600	POSH31	[POSH31-01]	50.00	38.7776	-78.3323	Heiskell Hollow	50	4.3	0.590	0.589	4.0	6.9	4.1	9.3	0.35	0.008	-0.045	-0.081
601	POSH32	[POSH32-01]	50.00	38.7838	-78.3014	Overall Run	50	5.1	0.629	0.634	4.5	14.2	9.3	21.5	0.31	0.006	-0.047	-0.102
604	POSH35	[POSH35-01]	41.00	38.7726	-78.2678	Greasy Run, site 2	41	3.3	0.561	0.524	3.2	6.1	3.3	10.4	0.39	0.015	-0.060	-0.039
605	POSH36	[POSH36-01]	50.00	38.7752	-78.2472	Gooney Run	50	5.4	0.612	0.614	4.8	27.1	19.9	38.2	0.31	-0.009	-0.027	-0.109
606	POSH37	[POSH37-01]	9.00	38.8084	-78.1923	Smith Creek	9	2.8	0.620	0.550	2.8	15.8	2.7	Infinite	NA	NA	NA	NA
607	POSH38	[POSH38-01]	40.00	38.8278	-78.1881	Lands Run	40	4.8	0.609	0.604	4.5	26.0	17.8	40.8	0.35	0.025	-0.008	-0.069
608	POSH39	[POSH39-001]	30.00	38.7985	-78.8679	Capon Run	30	5.0	0.544	0.588	4.6	80.7	36.0	Infinite	0.37	0.031	0.017	-0.060
609	POSH4	[POSH4-001]	49.00	38.2098	-78.7519	Paine Run	49	5.9	0.627	0.634	5.3	43.2	31.3	64.1	0.34	0.036	0.037	-0.080
610	POSH40	[SH66-001]	25.00	38.13821	-78.80693	Big Mine Branch	25	2.7	0.517	0.470	2.6	1.6	1.3	2.0	0.45	0.042	-0.032	0.035
611	POSH41	[SH70-001]	30.00	38.6279	-78.35774	Dry Run, N.F.	30	3.4	0.527	0.469	3.4	13.6	5.8	38.1	0.42	0.008	-0.020	-0.001
612	POSH42	[SH71-001]	30.00	38.56708	-78.39623	East Hawksbill Creek	30	3.2	0.528	0.519	3.1	17.5	10.1	34.6	0.39	0.010	-0.062	-0.030
613	POSH43	[SH77-001]	30.00	38.54181	-78.4257	Little Hawksbill Creek	30	3.5	0.550	0.538	3.5	2.6	2.0	3.2	0.37	0.006	-0.054	-0.046
614	POSH44	[SH87-001]	30.00	38.6129	-78.3781	S. Fork Dry Run	30	2.3	0.405	0.390	2.3	40.1	10.3	Infinite	0.49	0.038	-0.012	0.068
615	POSH45	[SH88-001]	25.00	38.36557	-78.57957	West Swift Run	25	3.6	0.600	0.555	3.6	13.8	8.5	24.4	0.40	0.042	-0.019	-0.014
616	POSH5	[POSH5-001]	25.00	38.2497	-78.7424	Madison Run	25	4.1	0.498	0.530	4.0	70.2	29.4	Infinite	0.40	0.027	0.005	-0.028
618	POSH8	[POSH8-001]	49.00	38.3144	-78.6732	Onemile Run	49	4.2	0.414	0.441	3.5	9.4	4.1	15.8	0.46	0.042	0.037	0.032
619	POSH9	[POSH9-001]	50.00	38.321	-78.6567	Twomile Run	50	4.2	0.525	0.532	3.9	38.8	22.7	80.8	0.38	0.011	-0.024	-0.045
620	JAMR1	[JAMR1-01]	50.00	38.2417	-78.6889	Doyle's R.	50	6.6	0.687	0.716	5.9	22.2	18.2	27.5	0.27	0.006	0.001	-0.151
621	JAMR2	[JAMR2-001]	49.00	38.2069	-78.7266	N. Fork Moorman R.	49	4.5	0.620	0.600	4.2	79.4	50.4	157.1	0.33	-0.001	-0.046	-0.097
622	JARR1	[JARR1-001]	25.00	38.3461	-78.5184	Swift Run	25	5.8	0.674	0.693	5.7	22.9	16.5	33.9	0.31	0.030	0.026	-0.110
623	JARR2	[JARR2-01]	49.00	38.2794	-78.6402	Ivy Creek	49	6.0	0.624	0.653	5.3	9.2	6.9	11.9	0.31	0.014	0.006	-0.118
624	JARR3	[SH75-001]	25.00	38.2788	-78.62369	Ivy Creek Tributary	25	3.8	0.693	0.599	3.7	11.5	7.5	18.3	0.37	0.036	-0.045	-0.048
625	RAPH1	[RAPH1-01]	50.00	38.7574	-78.2304	Waterfall Branch	50	3.2	0.553	0.498	3.0	13.7	5.1	32.3	0.39	0.004	-0.064	-0.023
626	RAPH10	[RAPH10-001]	50.00	38.602	-78.3429	Hughes R.	50	3.9	0.482	0.483	3.6	128.5	49.2	Infinite	0.40	0.001	-0.021	-0.019
627	RAPH11	[RAPH11-051]	73.00	38.602	-78.3429	Hughes R.	73	4.4	0.447	0.460	3.7	67.5	39.9	145.0	0.41	0.004	0.001	-0.016
628	RAPH12	[RAPH12-01]	23.00	38.5746	-78.3305	Brokenback Run	23	4.3	0.387	0.392	4.1	9.4	6.0	14.6	0.45	-0.005	0.064	0.020
629	RAPH13	[RAPH13-01]	44.00	38.5373	-78.3052	Ragged Run	44	2.2	0.263	0.257	2.1	13.0	3.8	36.4	0.55	0.025	0.035	0.138
630	RAPH14	[SH73-001]	30.00	38.60539	-78.31641	Hannah Run	30	1.4	0.089	0.086	1.4	2.2	0.0	Infinite	0.66	0.030	0.091	0.239
631	RAPH15	[SH74-001]	30.00	38.6039	-78.33224	Hughes Trib	30	2.3	0.264	0.274	2.2	10.2	3.2	28.8	0.53	0.017	0.027	0.120
632	RAPH16	[SH80-001]	30.00	38.6028	-78.34771	Nicholson Hollow	30	2.5	0.342	0.334	2.4	21.6	7.5	249.3	0.49	0.011	-0.002	0.074
635	RAPH2	[RAPH2-01]	50.00	38.7478	-78.2628	Keyser Run	50	3.7	0.625	0.611	3.4	24.2	15.5	40.4	0.34	0.020	-0.094	-0.080
636	RAPH3	[RAPH3-01]	50.00	38.7132	-78.2785	Piney R.	50	6.2	0.677	0.654	5.4	81.4	51.1	165.8	0.30	0.004	0.001	-0.127
637	RAPH4	[RAPH4-01]	49.00	38.7016	-78.2894	N. Fork Thornton	49	6.4	0.663	0.689	5.9	64.9	47.9	95.1	0.28	0.005	0.016	-0.142
638	RAPH5	[RAPH5-51]	25.00	38.6597	-78.286	S. Fork Thornton	25	4.0	0.544	0.535	3.9	127.2	31.8	Infinite	0.40	0.026	0.000	-0.017
639	RAPH6	[RAPH6-001]	50.00	38.6352	-78.278	Hazel R.	50	4.3	0.584	0.545	3.9	207.7	77.1	Infinite	0.37	0.012	-0.026	-0.046
640	RAPH7	[RAPH7-01]	25.00	38.6013	-78.285	Broad Hollow Run	25	3.4	0.543	0.527	3.4	10.4	5.8	19.3	0.38	0.008	-0.055	-0.034
641	RAPH8	[RAPH8-001]	40.00	38.6074	-78.3162	Hannah Run	40	3.1	0.377	0.367	2.9	73.0	26.1	Infinite	0.48	0.015	0.015	0.052
642	RAPH9	[RAPH9-041]	25.00	38.6074	-78.3162	Hannah Run	25	3.1	0.463	0.438	3.1	8.0	4.2	14.0	0.44	0.012	-0.018	0.009
643	RAPJ1	[RAPJ1-01]	50.00	38.8264	-78.1595	Indian Run	50	4.6	0.508	0.536	3.9	11.8	8.3	16.4	0.38	0.011	-0.022	-0.038
644	RAPJ2	[RAPJ2-001]	50.00	38.8066	-78.1555	Bolton Branch	50	4.0	0.487	0.499	3.7	43.3	29.4	70.6	0.37	-0.017	-0.040	-0.051
645	RAPJ3	[RAPJ3-01]	50.00	38.7729	-78.1659	Jordan R.	50	3.2	0.416	0.414	2.8	18.4	10.5	34.1	0.46	0.026	-0.006	0.044
647	RAPR10	[RAPR10-051]	50.00	38.4472	-78.3651	Rapidan R.	50	5.7	0.562	0.550	4.9	Infinite	150.5	Infinite	0.36	0.001	0.026	-0.068
648	RAPR11	[RAPR11-01]	49.00	38.4666	-78.4428	Conway	49	2.7	0.350	0.348	2.5	36.6	16.4	146.7	0.50	0.022	0.006	0.075
649	RAPR12	[RAPR12-01]	50.00	38.4376	-78.4685	Devil's Ditch	50	3.1	0.357	0.379	3.0	44.9	25.9	99.8	0.47	0.007	0.006	0.043
650	RAPR13	[RAPR13-01]	25.00	38.4148	-78.4701	Pocosin Hollow Run	25	2.5	0.267	0.290	2.4	Infinite	22.1	Infinite	0.52	0.013	0.028	0.095
651	RAPR14	[RAPR14-01]	25.00	38.3797	-78.5055	South R.	25	2.4	0.347	0.348	2.4	10.3	3.2	31.0	0.50	0.023	-0.001	0.085
652	RAPR15	[SH67-001]	25.00	38.45095	-78.44411	Bush Mountain Stream	25	1.4	0.140	0.155	1.4	13.3	0.6	Infinite	0.60	0.008	0.033	0.179
653	RAPR16	[SH68-001]	30.00	38.54372	-78.37149	Cedar Run	30	1.7	0.147	0.140	1.6	Infinite	3.8	Infinite	0.62	0.023	0.065	0.186
654	RAPR17	[SH69-001]	30.00	38.50457	-78.40163	Dark Hollow	30	2.0	0.258	0.249	2.0	10.1	2.6	46.1	0.58	0.040	0.048	0.160
655	RAPR18	[SH72-001]	25.00	38.3916	-78.47795	Entry Run	25	1.5	0.107	0.100	1.5	Infinite	Infinite	Infinite	0.66	0.042	0.101	0.228
656	RAPR19	[SH76-001]	30.00	38.48337	-78.43376	Laurel Prong	30	4.8	0.541	0.541	4.7	27.7	16.8	55.5	0.37	0.005	0.023	-0.049
657	RAPR2	[RAPR2-01]	24.00	38.5635	-78.3638	White Oak Canyon Run	24	4.8	0.566	0.523	4.6	65.1	27.7	Infinite	0.37	-0.010	0.017	-0.058
658	RAPR20	[SH78-001]	30.00	38.50017	-78.43459	Mill Prong	30	1.9	0.244	0.247	1.8	31.7	5.4	Infinite	0.57	0.035	0.034	0.148
659	RAPR21	[SH79-001]	30.00	38.5704	-78.35266	Negro Run	30	1.6	0.095	0.099	1.5	0.6	0.4	0.9	0.65	0.035	0.097	0.237
662	RAPR24	[SH83-001]	30.00	38.41675	-78.47255	Pocosin Hollow Run	30	1.5	0.131	0.150	1.5	25.3	2.8	Infinite	0.63	0.038	0.067	0.204
663	RAPR25	[SH86-001]	30.00	38.5346	-78.41011	Rose River	30	2.3	0.231	0.232	2.2	265.2	14.1	Infinite	0.57	0.031	0.060	0.150
664	RAPR26	[SH89-001]	30.00	38.57729	-78.37114	White Oak Canyon Run	30	1.9	0.218	0.215	1.8	520.2	5.9	Infinite	0.56	0.004	0.021	0.131
665	RAPR3	[RAPR3-01]	25.00	38.5471	-78.3754	Cedar Run	25	4.1	0.426	0.471	3.9	50.1	25.3	238.3	0.41	-0.001	0.009	-0.018
666	RAPR4	[RAPR4-001]	50.00	38.533	-78.4093	Rose R.	50	5.8	0.441	0.448	4.4	109.4	50.8	1366.8	0.43	0.011	0.065	0.014
667	RAPR5	[RAPR5-051]	50.00	38.533	-78.4093	Rose R.	50	5.1	0.425	0.446	4.2	76.3	33.9	912.8	0.43	0.010	0.048	0.001
668	RAPR6	[RAPR6-001]	50.00	38.5227	-78.42	Hogcamp Branch	50	3.7	0.430	0.465	3.4	44.3	24.1	112.4	0.44	0.028	0.004	0.011
669	RAPR7	[RAPR7-001]	45.00	38.4644	-78.4115	Staunton R.	45	3.7	0.283	0.319	3.2	8.6	4.0	13.8	0.51	0.013	0.059	0.078
670	RAPR8	[RAPR8-051]	39.00	38.4644	-78.4115	Staunton R.	39	2.8	0.220	0.227	2.3	67.3	15.9	Infinite	0.57	0.019	0.064	0.139
671	RAPR9	[RAPR9-001]	50.00	38.4472	-78.3651	Rapidan R.	50	6.3	0.543	0.543	5.1	Infinite	267.3	Infinite	0.36	0.003	0.043	-0.066
673	SANR10	[WRC008-001]	20.00	36.075153	-81.786286	Bucks Timber Creek	20	1.4	0.042	0.079	1.4	2.6	0.2	Infinite	0.64	0.017	0.083	0.225
675	SANR12	[WRC010-001]	20.00	35.9847383	-81.856655	Harper Creek	20	2.8	0.483	0.401	2.8	5.0	2.5	10.3	0.44	-0.004	-0.030	0.019
676	SANR13	[WRC013-001]	20.00	36.0941433	-81.6457927	Left Fork Mulberry Creek	20	3.8	0.479	0.538	3.8	6.7	3.3	10.7	0.37	0.002	-0.029	-0.052
677	SANR14	[WRC014-001]	20.00	36.0909312	-81.7941819	Little Wilson Creek	20	1.1	0.025	0.022	1.1	Infinite	Infinite	Infinite	0.67	0.011	0.089	0.244
678	SANR15	[WRC015-001]	20.00	36.067003	-81.630581	Mulberry Creek	20	3.7	0.429	0.418	3.7	8.4	5.1	13.2	0.45	0.009	0.031	0.017
680	SANR17	[WRC017-001]	20.00	35.9596683	-81.888163	Upper Creek	20	4.6	0.604	0.613	4.6	49.1	24.6	274.0	0.32	-0.011	-0.039	-0.109
681	SANR18	[WRC018-001]	20.00	36.0896361	-81.7737879	UT Anthony Creek (@ Headwaters Club)	20	3.0	0.425	0.412	3.0	5.6	2.7	11.0	0.45	0.009	-0.007	0.026
682	SANR19	[WRC020-001]	20.00	35.9413001	-81.863064	UT Steels Creek (@ USFS Rd. 496)	20	4.0	0.617	0.563	4.0	14.4	8.8	26.6	0.35	-0.008	-0.046	-0.070
683	SANR2	[WRC011-001]	20.00	35.596247	-81.706086	Henry Fork	20	2.8	0.471	0.463	2.8	30.0	10.9	Infinite	0.43	0.014	-0.048	0.005
684	SANR20	[WRC021-001]	20.00	36.0894111	-81.8022855	Wilson Creek	20	2.1	0.342	0.326	2.1	2.3	1.1	9.1	0.50	0.016	-0.014	0.086
686	SANR22	[WRC002-001]	20.00	35.183939	-82.531411	Uncles Creek (above falls)	20	2.0	0.313	0.274	2.0	27.5	4.9	Infinite	0.52	-0.002	-0.009	0.094
687	SANR23	[WRC392-001]	36.00	35.893897	-81.97595	UT Honeycutt Creek	36	1.7	0.204	0.194	1.6	9.8	1.3	Infinite	0.58	0.016	0.033	0.150
690	SANR4	[WRC019-001]	20.00	35.9573661	-81.9253382	UT Linville River	20	1.8	0.229	0.221	1.8	45.0	5.6	Infinite	0.53	-0.017	-0.006	0.105
691	SANR5	[WRC006-001]	20.00	35.793128	-82.141186	Bee Rock Creek	20	1.3	0.091	0.101	1.3	Infinite	2.2	Infinite	0.61	-0.002	0.046	0.184
695	SANR9	[WRC007-001]	20.00	35.907003	-81.860933	Buck Creek	20	2.3	0.317	0.361	2.3	46.0	12.5	Infinite	0.49	0.019	-0.013	0.065
697	SAV_GA1	[GA01-001]	38.00	34.987823	-83.272426	Ammons Creek	38	1.3	0.064	0.080	1.3	1.9	0.3	13.9	0.67	0.038	0.095	0.250
698	SAV_GA10	[GA10-001]	30.00	34.953095	-83.539133	Flat Branch	30	1.3	0.044	0.054	1.3	1.6	0.3	16.0	0.66	0.014	0.089	0.244
699	SAV_GA12	[GA12-001]	30.00	34.911669	-83.313096	Tuckaluge Creek	30	4.3	0.494	0.522	4.1	20.7	12.0	42.6	0.35	-0.032	-0.040	-0.073
700	SAV_GA22	[GA22-001]	30.00	34.860172	-83.644773	Perry Cove	30	3.3	0.439	0.482	3.3	9.9	6.6	15.0	0.38	-0.024	-0.064	-0.051
701	SAV_GA23	[GA23-001]	30.00	34.883037	-83.604608	Lindsey Branch	30	1.3	0.025	0.027	1.2	Infinite	Infinite	Infinite	0.68	0.025	0.106	0.252
702	SAV_GA8	[GA08-001]	30.00	34.869109	-83.622943	North Moccasin Creek	30	3.3	0.400	0.372	3.1	16.6	8.6	38.5	0.44	-0.018	-0.011	0.024
704	SAVR10	[WRC265-001]	20.00	35.0458446	-83.0576443	UT Whitewater River (@Heady Mtn. Gap)	20	5.2	0.589	0.608	5.2	42.8	23.3	142.0	0.33	-0.006	0.010	-0.098
705	SAVR11	[WRC266-001]	16.00	35.017875	-83.2746057	West Fork Overflow Creek	16	3.7	0.594	0.582	3.7	6.1	3.3	9.1	NA	NA	NA	NA
708	SAVR4	[WRC257-001]	20.00	35.0258694	-83.2390669	East Fork Overflow Creek (above and below Glenn Falls)	20	4.1	0.558	0.560	4.1	23.8	13.7	55.5	0.33	-0.026	-0.058	-0.091
709	SAVR5	[WRC258-001]	20.00	35.0112651	-83.1217918	Glade Creek	20	3.7	0.413	0.417	3.7	66.5	18.8	Infinite	0.41	-0.026	-0.004	-0.017
710	SAVR6	[WRC259-001]	16.00	35.16205	-82.928467	Indian Creek	16	4.4	0.546	0.552	4.4	25.8	12.5	124.8	NA	NA	NA	NA
712	SAVR8	[WRC263-001]	20.00	35.0799787	-82.9970572	UT Thompson River (@NC 281 above Reid Creek)	20	3.3	0.554	0.508	3.3	9.0	4.4	17.6	0.38	0.001	-0.057	-0.044
714	SC01	[SC01-001]	60.00	34.962301	-83.097877	King Creek	60	3.9	0.445	0.459	3.5	3.7	3.0	5.7	0.38	-0.031	-0.046	-0.045
715	SC02	[SC02-001]	60.00	34.942555	-83.09442	Crane Creek	60	4.1	0.466	0.528	3.9	2.6	2.2	3.1	0.33	-0.038	-0.062	-0.084
717	IOWR1	[IOWR1-001]	53.00	43.4179	-91.9378	South Pine Creek	53	2.9	0.497	0.513	2.8	33.2	18.5	72.1	0.36	-0.017	-0.111	-0.061
718	ISRO1	[ISRO1-001]	28.00	47.9335	-89.1055	Washington Creek	28	6.0	0.573	0.593	5.6	105.0	42.6	Infinite	0.35	0.015	0.064	-0.062
719	ISRO2	[ISRO2-001]	29.00	47.9212	-89.0752	Grace Creek	29	5.4	0.536	0.556	5.1	1001.2	70.6	Infinite	0.36	0.007	0.041	-0.053
721	ISRO4	[ISRO4-001]	56.00	48.1127	-88.5697	Tobin Harbor	56	5.0	0.550	0.566	4.4	40.1	27.1	65.0	0.34	-0.009	-0.024	-0.083
722	LACR1	[LACR1-001]	50.00	44.0877	-90.8523	Soper Creek	50	6.8	0.677	0.667	5.8	391.5	133.6	Infinite	0.30	0.005	0.020	-0.127
723	NEFS1	[NEFS1-001]	50.00	46.6565	-53.2144	Freshwater R.	50	3.5	0.368	0.363	3.0	Infinite	758.0	Infinite	0.48	0.016	0.022	0.052
724	NEFS2	[NEFS2-001]	36.00	46.6374	-53.1604	Watern Cove	36	3.3	0.296	0.300	3.0	1970.7	21.5	Infinite	0.52	0.022	0.064	0.104
725	NYNS1	[NY18-001]	30.00	40.863817	-73.200704	Nissequoque Creek	30	3.4	0.522	0.522	3.3	30.4	15.2	103.8	0.39	0.009	-0.052	-0.035
726	QUEM1	[QUEM1-001]	50.00	51.4174	-72.9409	Pepeshquasati R.	50	4.2	0.524	0.520	3.7	631.8	112.1	Infinite	0.38	0.005	-0.028	-0.044
727	QUEM2	[QUEM2-001]	43.00	51.3628	-72.7588	Cheno R.	43	4.0	0.481	0.501	3.6	779.2	76.9	Infinite	0.40	0.011	-0.023	-0.033
728	WISR1	[WISR1-001]	50.00	43.397	-89.6521	Parfrey's Glen Creek	50	3.2	0.494	0.466	3.1	86.4	34.8	Infinite	0.42	0.009	-0.036	-0.012
729	WISR2	[WISR2-001]	49.00	43.4897	-90.3664	Melancthon Creek	49	5.3	0.598	0.606	4.7	99.9	51.3	464.2	0.33	0.000	-0.020	-0.104
730	WISR3	[WISR3-001]	50.00	43.2845	-90.3306	Ash Creek	50	4.7	0.529	0.521	4.0	62.9	32.1	225.1	0.36	-0.011	-0.034	-0.065
731	MACS1	[MACS1-001]	81.00	41.594	-70.5066	Quashnet R., Cape Cod	81	4.9	0.497	0.502	4.2	49.7	33.7	79.2	0.40	0.015	0.022	-0.026
732	MACS2	[MACS2-001]	49.00	41.5842	-70.5022	Red Brook, Cape Cod	49	5.3	0.507	0.522	4.7	230.8	86.4	Infinite	0.38	0.009	0.037	-0.039
733	MACS3	[MACS3-001]	28.00	41.6337	-70.4518	Santuit R., Cape Cod	28	4.2	0.502	0.486	4.0	50.4	22.8	633.3	0.40	0.001	0.003	-0.028
734	MACS4	[MACS4-001]	43.00	41.6245	-70.481	Mashpee R., Cape Cod	43	5.6	0.525	0.545	4.8	113.1	55.2	893.4	0.37	0.004	0.023	-0.050
735	NYLC1	[DS02-001]	30.00	44.288799	-73.52619	Spruce Mill Brook	30	3.5	0.436	0.461	3.4	105.2	26.2	Infinite	0.42	0.009	-0.011	0.007
736	NYLC2	[DS01-001]	32.00	44.298636	-73.742629	Styles Brook	32	6.6	0.581	0.623	5.9	116.5	54.7	3868.9	0.32	0.001	0.056	-0.095
737	VTLC1	[VTLC1-01]	50.00	44.1647	-72.8934	Slide Brook	50	4.5	0.552	0.565	4.2	66.5	38.5	160.1	0.35	0.000	-0.033	-0.078
738	VTLC2	[VTLC2-01]	50.00	43.8135	-72.9649	Kettle Brook	50	4.6	0.470	0.490	3.9	83.6	41.4	404.6	0.38	-0.006	-0.018	-0.045
739	VTLM	[VTLM-01]	50.00	44.7845	-71.995	Bald Mountain Brook	50	5.3	0.479	0.495	4.3	193.3	73.4	Infinite	0.39	-0.004	0.016	-0.033
740	NYCS1	[NYCS1-001]	40.00	40.762	-73.1492	Connetquot R.	40	5.2	0.490	0.538	4.6	Infinite	97.4	Infinite	0.36	-0.003	0.008	-0.065
741	NYCS2	[NY18-061]	30.00	40.771759	-73.156219	Connetquot R.	30	4.4	0.564	0.556	4.3	46.3	25.1	143.6	0.38	0.029	0.008	-0.041
742	NYSS1	[NY18-031]	30.00	40.772389	-72.993351	Swan River	30	4.3	0.586	0.581	4.1	19.7	11.9	37.7	0.37	0.024	-0.016	-0.051
747	HUDR2	[HUDR2-01]	23.00	41.2902	-73.9943	Timp Brook	23	3.3	0.564	0.530	3.2	26.6	12.9	105.0	0.39	0.022	-0.049	-0.026
749	PASR1	[PASR1-01]	31.00	41.1571	-74.1386	Torne Brook	31	3.5	0.401	0.426	3.4	24.2	12.6	61.1	0.47	0.038	0.035	0.049
764	ACAD1	[ACAD1-001]	56.00	44.2869	-68.3478	Marshall Brook	56	4.4	0.497	0.498	4.0	151.9	62.9	Infinite	0.39	0.002	-0.002	-0.025
765	ACAD2	[ACAD2-001]	55.00	44.2691	-68.3514	Lurvey Brook	55	6.2	0.577	0.580	5.4	109.3	73.0	197.1	0.32	-0.024	0.016	-0.096
766	ACAD3	[ACAD3-001]	55.00	44.314	-68.2246	Hunters Brook	55	5.0	0.498	0.474	4.1	59.5	34.0	141.6	0.40	-0.001	0.012	-0.026
767	ACAD4	[ACAD4-001]	55.00	44.3099	-68.2445	Stanley Brook	55	3.6	0.363	0.358	3.1	38.6	19.6	106.4	0.48	0.006	0.027	0.053
768	ACAD5	[ACAD5-001]	50.00	44.3177	-68.2557	Jordan Stream	50	4.3	0.546	0.516	4.0	26.3	18.9	38.0	0.38	-0.003	-0.017	-0.045
769	ACAD6	[ACAD6-001]	41.00	44.3164	-68.2874	Hadlock Brook	41	5.2	0.589	0.575	4.8	9.9	7.7	12.6	0.34	-0.001	-0.001	-0.086
770	CONR4	[CONR4-01]	50.00	42.8204	-72.969	Lamb Brook	50	5.1	0.476	0.488	4.4	559.4	95.6	Infinite	0.40	0.003	0.031	-0.027
771	CONR5	[CONR5-001]	37.00	42.7453	-72.3089	Brickyard Brook	37	5.0	0.522	0.531	4.4	21.8	15.4	32.3	0.37	-0.007	0.002	-0.054
773	CONR7	[CONR7-001]	50.00	42.639722	-72.988889	Manning Brook	50	5.6	0.488	0.521	4.7	46.6	31.3	78.0	0.37	-0.001	0.025	-0.053
774	NYHL	[NYHL-01]	31.00	43.6004	-74.8187	Horn Lake	31	3.7	0.441	0.425	3.4	31.9	13.9	174.8	0.45	0.017	0.017	0.026
775	NYLT	[NYLT-01]	42.00	44.0377	-74.6115	Little Tupper Lake	42	6.3	0.613	0.600	5.7	149.2	69.0	24593.4	0.33	0.001	0.050	-0.084
776	NYWP	[NYWP-01]	56.00	44.331	-74.6272	Windfall Pond	56	6.2	0.598	0.613	5.1	192.0	92.9	2477.9	0.33	0.011	0.012	-0.087
777	KENR1	[KENR1-01]	33.00	45.3877	-69.963	Cold Stream	33	4.6	0.499	0.473	4.2	248.4	49.1	Infinite	0.42	0.016	0.036	-0.003
779	KENR3	[KENR3-001]	41.00	44.9152	-71.0926	Dead Diamond River	41	7.1	0.608	0.630	6.1	163.0	77.3	4965.0	0.31	-0.010	0.052	-0.113
780	KENR4	[KENR4-001]	27.00	44.9697	-71.1533	Little Diamond River	27	5.5	0.485	0.563	5.1	23.8	13.1	57.5	0.35	-0.003	0.034	-0.068
783	KENR7	[KENR7-01]	33.00	44.6721	-70.3593	Alder Brook	33	4.5	0.521	0.483	4.1	Infinite	51.0	Infinite	0.41	0.014	0.021	-0.019
784	PENR1	[PENR1-01]	30.00	45.1431	-68.2845	Lord Brook	30	5.2	0.483	0.503	4.7	126.8	44.5	Infinite	0.39	0.002	0.048	-0.024
785	PENR2	[PENR2-01]	59.00	44.8541	-68.8232	Kenduskeag Stream	59	6.8	0.558	0.567	5.5	44.5	32.0	66.3	0.34	-0.005	0.052	-0.080
786	STGE1	[STGE1-01]	30.00	44.4392	-69.2209	Thompson Brook	30	5.0	0.583	0.552	4.6	120.1	39.7	Infinite	0.36	-0.001	0.006	-0.056
788	MERR3	[MERR3-001]	20.00	42.7217	-71.5525	Flints Brook	20	4.7	0.613	0.584	4.7	23.0	14.0	46.1	0.35	0.007	0.002	-0.070
789	MERR4	[MERR4-001]	20.00	42.7978	-71.5511	Witches Brook	20	5.3	0.604	0.588	5.3	Infinite	Infinite	Infinite	0.34	-0.005	0.034	-0.091
790	MERR5	[MERR5-001]	20.00	42.8114	-71.9175	Meadow Brook	20	5.1	0.533	0.535	5.1	Infinite	73.2	Infinite	0.38	0.005	0.056	-0.052
791	MERR6	[MERR6-001]	19.00	43.1464	-71.8806	Sand Brook	19	4.1	0.487	0.514	4.1	Infinite	65.3	Infinite	NA	NA	NA	NA
792	PISR1	[PISR1-001]	30.00	43.1339	-70.9697	Chelsey Brook	30	3.8	0.492	0.504	3.7	43.5	20.0	315.4	0.39	0.001	-0.028	-0.039
793	SACR1	[SACR1-001]	30.00	43.77	-71.2511	White Brook	30	5.7	0.578	0.578	5.2	773.1	84.4	Infinite	0.36	0.017	0.049	-0.067
794	CRLE1	[CRLE1-01]	26.00	41.5	-81.2804	Leech Stream	26	2.8	0.385	0.378	2.7	31.5	13.4	352.7	0.49	0.035	0.015	0.072
795	CRLE2	[CRLE2-01]	50.00	41.563	-81.2187	Woodie Brook	50	3.4	0.406	0.481	3.3	10.3	7.4	14.0	0.41	0.017	-0.029	-0.003
796	CRLE3	[CRLE3-01]	59.00	41.5526	-81.234	Spring Brook	59	3.8	0.498	0.522	3.5	55.7	27.0	206.5	0.39	0.018	-0.033	-0.035
797	OHAR1	[OHAR1-01]	50.00	42.0363	-78.4609	Two Mile Creek	50	3.6	0.386	0.375	3.0	3.0	2.2	4.0	0.52	0.060	0.065	0.098
798	OHAR2	[OHAR2-102]	47.00	41.7532	-78.0554	Allegheny R.	47	9.3	0.662	0.702	7.5	56.7	42.4	81.1	0.28	0.007	0.121	-0.145
799	OHAR3	[OHAR3-101]	62.00	41.2378	-79.3223	Clarion R.	62	7.8	0.685	0.720	6.5	39.6	29.9	54.7	0.25	-0.017	0.019	-0.178
800	PA42_Lower	[PA42-048]	43.00	41.576103	-77.016626	Salt Spring Run (lower)	43	5.8	0.614	0.649	5.2	11.3	9.0	14.1	0.29	-0.010	-0.022	-0.122
801	PA42_Upper	[PA42-091]	33.00	41.578088	-77.017383	Salt Spring Run (upper)	33	5.5	0.624	0.615	5.1	25.4	17.9	38.3	0.33	0.013	0.012	-0.088
802	Ramsey	[UOG-001]	50.00	41.28714	-77.32458	Ramsey Run	50	6.3	0.608	0.645	5.4	74.8	48.6	139.8	0.30	-0.003	-0.002	-0.128
803	Boone	[UOG-051]	50.00	41.35392	-77.36207	Boone Run	50	5.8	0.651	0.661	5.2	62.9	38.0	135.6	0.29	-0.005	-0.018	-0.135
804	Dam	[UOG-251]	50.00	41.32943	-77.34448	Dam Run	50	5.4	0.626	0.609	4.7	24.0	19.3	30.2	0.34	0.010	-0.011	-0.084
805	Cedar	[UOG-101]	50.00	41.61398	-77.50751	Cedar Run	50	7.1	0.648	0.635	6.0	59.8	39.5	105.4	0.32	0.009	0.057	-0.108
806	Sebring	[UOG-151]	29.00	41.44963	-77.42755	Sebring Branch Mill Run	29	4.8	0.568	0.570	4.5	45.4	23.6	166.7	0.36	0.013	0.006	-0.062
807	Francis	[UOG-201]	50.00	41.5527	-77.61581	Francis Branch Slate Run	50	6.7	0.609	0.628	5.8	120.0	67.8	358.8	0.32	0.003	0.041	-0.098
808	CONR1	[CONR1-01]	36.00	44.4434	-71.3048	Unnamed	36	4.5	0.486	0.460	4.1	56.4	29.5	198.2	0.41	0.000	0.030	-0.013
809	CONR2	[CONR2-01]	40.00	44.4743	-71.3453	Brandy Brook	40	5.5	0.583	0.569	5.1	63.6	42.3	113.4	0.34	-0.013	0.015	-0.090
813	HUDR1	[HUDR1-01]	50.00	42.7814	-73.1452	Broad Brook	50	5.5	0.553	0.566	4.8	116.2	59.9	540.7	0.36	0.010	0.018	-0.057
814	MD31	[MD31-001]	50.00	39.6886	-76.7787	Silver Run	50	4.3	0.581	0.586	4.0	28.7	21.4	39.9	0.34	0.002	-0.049	-0.081
815	MD32	[MD32-001]	50.00	39.8248	-76.778	Walker Run	50	4.4	0.530	0.534	4.1	64.3	35.3	178.1	0.39	0.021	-0.002	-0.040
817	SUSR1	[SUSR1-01]	50.00	40.8982	-78.0105	Smays Run	50	6.8	0.695	0.677	6.0	228.3	105.0	Infinite	0.29	0.002	0.028	-0.132
818	SUSR2	[SUSR2-01]	50.00	40.9334	-78.0128	Benner Run	50	7.2	0.681	0.652	6.0	102.2	64.4	210.9	0.29	-0.009	0.027	-0.127
