ID	Population	Pop	Sample Size	Latitude	Longitude	General Location	K1	K2	K3	K4	Data
1	PFBNC143	[WRC061-001]	20	35.12013	-82.75003	Murr Creek	0.054	0.704	0.149	0.093	5.4-70.4-14.9-9.3
3	OHCM1	[OHCM1-1001]	152	38.6031	-79.8815	Shavers Fork, Segs 1-10	0.058	0.763	0.088	0.091	5.8-76.3-8.8-9.1
4	OHCM2	[OHCM2-01]	20	38.6023	-79.9109	Lambert Run	0.081	0.558	0.055	0.306	8.1-55.8-5.5-30.6
5	OHCM3	[OHCM3-01]	30	38.55	-79.895	First Fork	0.029	0.866	0.037	0.068	2.9-86.6-3.7-6.8
6	OHCM4	[OHCM4-01]	27	38.5415	-79.9487	Buck Run	0.060	0.815	0.087	0.038	6-81.5-8.7-3.8
7	OHCM5	[OHCM5-01]	26	38.5619	-79.9276	Black Run	0.069	0.805	0.080	0.046	6.9-80.5-8-4.6
8	OHCM6	[OHCM6-01]	33	38.4857	-79.9663	Rocky Run 1	0.089	0.782	0.076	0.052	8.9-78.2-7.6-5.2
9	OHCM7	[OHCM7-01]	31	38.4868	-79.9753	Rocky Run 2	0.081	0.767	0.100	0.052	8.1-76.7-10-5.2
10	OHCM8	[OHCM8-101]	52	38.4974	-79.9298	2nd Fork, Segs. 7,8,10	0.042	0.882	0.057	0.020	4.2-88.2-5.7-2
11	OHTM1	[OHTM1-01]	50	38.7345	-79.9089	Shavers Run	0.248	0.033	0.696	0.023	24.8-3.3-69.6-2.3
12	OHYM1	[OHYM1-01]	49	39.7148	-79.2305	Puzzley Run	0.260	0.127	0.312	0.300	26-12.7-31.2-30
13	OHYM2	[OHYM2-01]	49	39.4016	-79.3043	Boiling Springs	0.395	0.102	0.146	0.357	39.5-10.2-14.6-35.7
14	OHYM3	[OHYM3-01]	49	39.6588	-79.2739	Little Bear Creek	0.185	0.095	0.376	0.344	18.5-9.5-37.6-34.4
15	OHYM4	[OHYM4-001]	30	39.6329	-79.2252	Casselman River	0.475	0.041	0.409	0.075	47.5-4.1-40.9-7.5
16	GA06	[GA06-001]	30	34.796427	-83.78574	Upper Chattahoochee River	0.009	0.010	0.833	0.148	0.9-1-83.3-14.8
17	GA07	[GA07-001]	30	34.764654	-83.804072	Low Gap Creek	0.010	0.008	0.976	0.006	1-0.8-97.6-0.6
18	GA21	[GA21-001]	30	34.79557	-83.653437	Left Fork Soque River	0.012	0.010	0.972	0.006	1.2-1-97.2-0.6
19	GUNR1	[GUNR1-01]	50	39.5981	-76.6531	Panther Branch	0.543	0.105	0.030	0.321	54.3-10.5-3-32.1
20	GUNR2	[GUNR2-01]	50	39.658	-76.8139	Indian Run	0.559	0.036	0.052	0.354	55.9-3.6-5.2-35.4
23	SUSR4	[SUSR4-001]	100	39.6481	-76.4454	Rock Hollow Run	0.719	0.058	0.068	0.155	71.9-5.8-6.8-15.5
24	SUSR5	[SUSR5-001]	50	39.6295	-76.4209	Kellogg Branch	0.765	0.013	0.016	0.206	76.5-1.3-1.6-20.6
25	SUSR6	[SUSR6-001]	50	39.6438	-76.479	Spooners Creek	0.743	0.035	0.055	0.168	74.3-3.5-5.5-16.8
26	CATO1	[CATO1-01]	47	39.6349	-77.4789	Big Hunting Creek	0.835	0.013	0.011	0.152	83.5-1.3-1.1-15.2
27	CATO2	[CATO2-01]	49	39.6632	-77.4804	Owens Creek	0.956	0.012	0.009	0.023	95.6-1.2-0.9-2.3
28	CATO3	[CATO3-01]	32	39.6363	-77.45	Still Creek	0.809	0.036	0.039	0.116	80.9-3.6-3.9-11.6
29	CATO4	[CATO4-01]	38	39.5432	-77.4647	Right Fork Fishing Creek	0.941	0.024	0.012	0.023	94.1-2.4-1.2-2.3
30	CATO5	[CATO5-01]	48	39.5327	-77.4752	Left Fork Fishing Creek	0.949	0.012	0.020	0.019	94.9-1.2-2-1.9
31	POMR1	[POMR1-01]	47	39.4734	-77.4152	Tuscarora Creek	0.853	0.020	0.029	0.098	85.3-2-2.9-9.8
32	BearCreek	[VA05-001]	20	36.737334	-80.58159	Bear Creek	0.009	0.039	0.943	0.009	0.9-3.9-94.3-0.9
33	BigReedIslandCr	[VA07-001]	20	36.674994	-80.521569	Big Reed Island Creek	0.032	0.065	0.855	0.048	3.2-6.5-85.5-4.8
35	EFDryRun	[VA09-001]	20	36.771983	-81.164966	EF Dry Run	0.012	0.066	0.890	0.032	1.2-6.6-89-3.2
37	NFStonyCreek	[VA11-002]	19	37.43226	-80.553248	NF Stony Creek	0.009	0.027	0.947	0.018	0.9-2.7-94.7-1.8
38	OHCK1	[OHCK1-01]	25	38.23711	-80.34118	Byrd Branch	0.022	0.025	0.597	0.356	2.2-2.5-59.7-35.6
39	OHCK2	[OHCK2-01]	49	38.24175	-80.37169	Dogway Fork	0.021	0.024	0.527	0.427	2.1-2.4-52.7-42.7
40	OHGK1	[OHGK1-01]	50	38.58315	-79.66737	Walderman Run	0.126	0.057	0.743	0.074	12.6-5.7-74.3-7.4
41	OHGK2	[OHGK2-01]	49	38.39899	-79.74983	Sutton Run	0.013	0.026	0.953	0.008	1.3-2.6-95.3-0.8
42	OHGK3	[OHGK3-001]	27	38.65128	-79.65491	EF Greenbrier Headwater	0.249	0.065	0.574	0.111	24.9-6.5-57.4-11.1
43	OHGK4	[OHGK4-001]	30	38.62221	-79.68543	Mullenox Run	0.190	0.059	0.684	0.067	19-5.9-68.4-6.7
44	OHGK5	[OHGK5-001]	23	38.61545	-79.67927	Abes Run	0.136	0.082	0.735	0.048	13.6-8.2-73.5-4.8
45	OHGK6	[OHGK6-001]	19	38.57618	-79.70156	Long Run	0.065	0.057	0.770	0.107	6.5-5.7-77-10.7
46	OHGK7	[OHGK7-001]	22	38.51356	-79.7221	Little River	0.048	0.039	0.843	0.070	4.8-3.9-84.3-7
47	OHGK8	[OHGK8-001]	29	37.96923	-80.29571	Laurel Run	0.008	0.009	0.085	0.898	0.8-0.9-8.5-89.8
49	OHGN1	[OHGN1-001]	30	38.2026	-80.37271	NF Cherry River	0.019	0.025	0.804	0.151	1.9-2.5-80.4-15.1
51	OHNK1	[OHNK1-001]	30	37.91433	-81.02081	Buffalo Creek	0.022	0.153	0.555	0.270	2.2-15.3-55.5-27
52	OHNK10	[WRC134-001]	20	36.4267603	-81.453945	Ezra Fork	0.029	0.120	0.770	0.082	2.9-12-77-8.2
53	OHNK11	[WRC137-001]	20	36.4493635	-81.0835415	Glade Creek	0.025	0.051	0.866	0.058	2.5-5.1-86.6-5.8
54	OHNK12	[WRC144-001]	20	36.5569233	-81.6234242	Little Horse Creek	0.006	0.029	0.961	0.005	0.6-2.9-96.1-0.5
55	OHNK13	[WRC146-001]	20	36.3196431	-81.6919865	Meat Camp Creek	0.008	0.026	0.948	0.018	0.8-2.6-94.8-1.8
57	OHNK15	[WRC151-001]	20	36.3279872	-81.6367979	Pine Orchard Creek	0.009	0.021	0.962	0.009	0.9-2.1-96.2-0.9
58	OHNK16	[WRC153-001]	20	36.4215314	-81.2530259	Reeves Branch	0.022	0.062	0.730	0.185	2.2-6.2-73-18.5
60	OHNK18	[WRC165-001]	20	36.255907	-81.7003412	Trivett Branch	0.010	0.028	0.950	0.012	1-2.8-95-1.2
61	OHNK19	[WRC167-001]	20	36.583253	-81.630069	UT Big Horse Creek (above Ripshin Branch at Va. state line)	0.008	0.017	0.970	0.005	0.8-1.7-97-0.5
63	OHNK20	[WRC168-001]	20	36.5258384	-81.6704962	UT Big Laurel Creek ( Above Beaverponds )	0.098	0.023	0.665	0.214	9.8-2.3-66.5-21.4
64	OHNK21	[WRC172-001]	20	36.4275894	-81.285759	UT Cranberry Creek	0.015	0.059	0.904	0.022	1.5-5.9-90.4-2.2
65	OHNK22	[WRC177-001]	20	36.1687212	-81.6486848	UT Middle Fork New River (@Tweetsie RR)	0.015	0.016	0.933	0.036	1.5-1.6-93.3-3.6
66	OHNK23	[WRC180-001]	20	36.3346989	-81.5191582	UT Old Fields Creek	0.015	0.020	0.902	0.063	1.5-2-90.2-6.3
67	OHNK24	[WRC181-001]	20	36.318367	-81.6350545	UT Pine Orchard Creek	0.014	0.084	0.887	0.015	1.4-8.4-88.7-1.5
68	OHNK25	[WRC184-001]	20	36.3238544	-81.4823595	UT South Fork New River	0.018	0.095	0.871	0.016	1.8-9.5-87.1-1.6
69	OHNK26	[WRC186-001]	20	36.2661567	-81.4775217	West Fork Pine Swamp Creek	0.014	0.052	0.926	0.008	1.4-5.2-92.6-0.8
70	OHNK27	[WRC188-001]	20	36.2837895	-81.4703543	Wolfpen Creek	0.009	0.037	0.948	0.007	0.9-3.7-94.8-0.7
72	OHNK29	[WRC127-001]	20	36.1556403	-81.6500868	Brown Branch	0.014	0.010	0.740	0.235	1.4-1-74-23.5
75	OHNK31	[WRC129-001]	20	36.4408513	-81.4916861	Claybank Creek	0.017	0.046	0.869	0.068	1.7-4.6-86.9-6.8
76	OHNK32	[WRC131-001]	20	36.242154	-81.686784	Doe Fork	0.007	0.036	0.951	0.006	0.7-3.6-95.1-0.6
77	OHNK33	[WRC133-001]	20	36.5054486	-81.6451105	East Fork Roaring Fork	0.130	0.022	0.517	0.331	13-2.2-51.7-33.1
78	OHNK34	[WRC135-001]	20	36.4266562	-81.4539442	Ezra Fork	0.042	0.093	0.823	0.042	4.2-9.3-82.3-4.2
79	OHNK35	[WRC136-001]	20	36.2409489	-81.538227	Gap Creek	0.018	0.037	0.917	0.027	1.8-3.7-91.7-2.7
81	OHNK37	[WRC139-001]	19	36.371606	-81.712475	Hoskins Fork	0.081	0.018	0.628	0.273	8.1-1.8-62.8-27.3
82	OHNK38	[WRC140-001]	20	36.5535323	-81.513874	Jerd Branch	0.020	0.011	0.008	0.961	2-1.1-0.8-96.1
83	OHNK39	[WRC141-001]	20	36.2687846	-81.7183243	Jones Branch	0.033	0.026	0.887	0.054	3.3-2.6-88.7-5.4
84	OHNK4	[WRC122-001]	20	36.1726689	-81.6925992	(C) Winkler Creek (above old Impoundment)	0.006	0.043	0.946	0.005	0.6-4.3-94.6-0.5
85	OHNK40	[WRC142-001]	20	36.5283912	-81.6843392	Kilby Creek	0.111	0.053	0.744	0.091	11.1-5.3-74.4-9.1
87	OHNK42	[WRC145-001]	20	36.424392	-81.197458	Meadow Fork	0.020	0.141	0.777	0.062	2-14.1-77.7-6.2
89	OHNK44	[WRC148-001]	20	36.2362881	-81.6642773	Norris Branch	0.077	0.062	0.756	0.106	7.7-6.2-75.6-10.6
90	OHNK45	[WRC149-001]	19	36.2825932	-81.6830482	Norris Fork	0.013	0.024	0.844	0.119	1.3-2.4-84.4-11.9
93	OHNK48	[WRC155-001]	20	36.3041046	-81.650166	Rittle Fork	0.009	0.029	0.944	0.018	0.9-2.9-94.4-1.8
94	OHNK49	[WRC157-001]	20	36.5053588	-81.5980255	Roaring Branch	0.024	0.357	0.554	0.064	2.4-35.7-55.4-6.4
95	OHNK5	[WRC123-001]	20	36.1752544	-81.6899697	(C) Winkler Creek (between old & new impoundments)	0.010	0.094	0.861	0.035	1-9.4-86.1-3.5
96	OHNK50	[WRC158-001]	20	36.5147638	-81.653585	Roaring Fork	0.310	0.115	0.074	0.500	31-11.5-7.4-50
98	OHNK52	[WRC160-001]	20	36.455572	-81.697383	Roundabout Creek	0.060	0.076	0.308	0.555	6-7.6-30.8-55.5
99	OHNK53	[WRC162-001]	20	36.3749868	-81.5996959	Skin Camp Branch	0.017	0.160	0.817	0.006	1.7-16-81.7-0.6
100	OHNK54	[WRC163-001]	20	36.354175	-81.676697	Snyder Branch	0.022	0.025	0.622	0.331	2.2-2.5-62.2-33.1
102	OHNK56	[WRC166-001]	19	36.146241	-81.647147	UT Aho Branch	0.012	0.016	0.761	0.211	1.2-1.6-76.1-21.1
103	OHNK57	[WRC169-001]	20	36.547918	-81.6603131	UT Big Laurel Creek ( Below Flatwood )	0.136	0.051	0.644	0.169	13.6-5.1-64.4-16.9
104	OHNK58	[WRC170-001]	20	36.5547494	-81.6693876	UT Big Laurel Creek ( Denny Hollow )	0.043	0.018	0.637	0.302	4.3-1.8-63.7-30.2
105	OHNK59	[WRC171-001]	20	36.395783	-81.531642	UT Buffalo Creek (@ Buck Mtn.)	0.032	0.043	0.883	0.042	3.2-4.3-88.3-4.2
106	OHNK6	[WRC124-001]	20	36.3573423	-81.6159101	Bald Fork	0.005	0.007	0.982	0.005	0.5-0.7-98.2-0.5
110	OHNK63	[WRC176-001]	20	36.139162	-81.6672204	UT Middle Fork New River (@substation)	0.016	0.022	0.865	0.097	1.6-2.2-86.5-9.7
111	OHNK64	[WRC178-001]	20	36.4802743	-81.4765576	UT North Fork New River	0.144	0.049	0.626	0.181	14.4-4.9-62.6-18.1
112	OHNK65	[WRC179-001]	20	36.42683	-81.613394	UT North Fork New River (@ Creston)	0.027	0.016	0.669	0.287	2.7-1.6-66.9-28.7
113	OHNK66	[WRC183-001]	20	36.332893	-81.4599757	UT South Fork New River	0.020	0.051	0.805	0.124	2-5.1-80.5-12.4
115	OHNK68	[WRC187-001]	19	36.4039791	-81.2784303	Wolf Branch	0.016	0.044	0.790	0.150	1.6-4.4-79-15
116	OHNK69	[D701-001]	22	36.3169623	-81.7013383	UT Meat Camp Creek	0.009	0.043	0.922	0.026	0.9-4.3-92.2-2.6
117	OHNK7	[WRC126-001]	20	36.5626706	-81.6665957	Big Laurel Creek	0.119	0.056	0.589	0.237	11.9-5.6-58.9-23.7
119	OHNK71	[D703-001]	24	36.1541123	-81.6276005	Aho Branch	0.007	0.022	0.967	0.004	0.7-2.2-96.7-0.4
120	OHNK8	[WRC130-001]	20	36.2638257	-81.5339435	Cranberry Creek	0.007	0.054	0.925	0.014	0.7-5.4-92.5-1.4
121	OHNK9	[WRC132-001]	20	36.2838079	-81.4351735	East Fork Pine Swamp Creek	0.007	0.019	0.964	0.010	0.7-1.9-96.4-1
122	PFBNC124	[WRC336-001]	20	36.3592958	-81.719256	UT Hoskins Fork	0.112	0.020	0.571	0.297	11.2-2-57.1-29.7
123	PFBNC76	[WRC332-001]	20	36.3083612	-81.6702018	Little Creek	0.026	0.054	0.840	0.079	2.6-5.4-84-7.9
124	SnakeCreek	[VA12-001]	20	36.678723	-80.657286	Snake Creek	0.020	0.116	0.850	0.014	2-11.6-85-1.4
125	StandrockBranch	[VA13-001]	20	37.196585	-80.893499	Standrock Branch	0.059	0.076	0.782	0.083	5.9-7.6-78.2-8.3
126	ToryCreek	[VA14-001]	18	36.744527	-80.493856	Tory Creek	0.008	0.028	0.956	0.008	0.8-2.8-95.6-0.8
128	GA13	[GA13-001]	30	34.769548	-84.033267	Bryant Creek	0.018	0.006	0.960	0.015	1.8-0.6-96-1.5
129	GA14	[GA14-001]	40	34.767345	-83.993942	Logan Creek	0.006	0.006	0.980	0.008	0.6-0.6-98-0.8
130	GCS1	[LR_2013_121]	29	35.591956	-83.516187	Grouse Creek Site 1	0.006	0.915	0.073	0.007	0.6-91.5-7.3-0.7
131	GPS1	[FC_2014_001]	40	35.594153	-83.561233	Goshen Prong Site 1	0.009	0.837	0.146	0.008	0.9-83.7-14.6-0.8
132	GPS4	[FC_2014_096]	50	35.5834	-83.544	Goshen Prong Site 4	0.013	0.873	0.103	0.010	1.3-87.3-10.3-1
133	GRSML1	[GRSML1-001]	48	35.591	-83.5744	Fish Camp Run	0.007	0.892	0.094	0.007	0.7-89.2-9.4-0.7
136	GRSML22	[GS35-001]	30	35.62383817	-83.64181971	Marks Creek	0.005	0.967	0.024	0.005	0.5-96.7-2.4-0.5
137	GRSML3	[GRSML3-001]	35	35.5879	-83.6316	Indian Flats	0.037	0.590	0.063	0.310	3.7-59-6.3-31
138	GRSML4	[GRSML4-001]	49	35.6509	-83.6281	Mannis Branch	0.017	0.012	0.950	0.021	1.7-1.2-95-2.1
139	GRSML5	[GRSML5-001]	24	35.5899	-83.5662	Silers's Creek	0.006	0.970	0.016	0.008	0.6-97-1.6-0.8
140	GRSML6	[GRSML6-1001]	76	35.5899	-83.5662	Silers's Creek (4,9,10)	0.006	0.965	0.020	0.009	0.6-96.5-2-0.9
142	GRSMP1	[GRSMP1-001]	47	35.6521	-83.1689	Lost Bottoms	0.008	0.007	0.978	0.007	0.8-0.7-97.8-0.7
143	GRSMP10	[GRSMP10-001]	21	35.62527	-83.47016	Road Prong	0.007	0.017	0.954	0.022	0.7-1.7-95.4-2.2
144	GRSMP11	[GRSMP11-001]	34	35.75969	-83.19495	Tom?s Creek	0.027	0.015	0.936	0.022	2.7-1.5-93.6-2.2
145	GRSMP12	[GRSMP12-001]	32	35.7389	-83.2783	Indian Camp Creek	0.018	0.010	0.965	0.007	1.8-1-96.5-0.7
146	GRSMP13	[GRSMP13-001]	25	35.67001	-83.09951	Little Cataloochee Creek	0.007	0.008	0.981	0.005	0.7-0.8-98.1-0.5
147	GRSMP14	[GRSMP14-001]	28	35.6767	-83.08874	Correll Branch	0.006	0.007	0.981	0.005	0.6-0.7-98.1-0.5
148	GRSMP16	[GRSMP16-001]	40	35.7608	-83.19703	Toms Creek	0.029	0.012	0.923	0.035	2.9-1.2-92.3-3.5
149	GRSMP17	[GRSMP17-009]	16	35.76479	-83.25353	Greenbrier Creek	0.009	0.006	0.979	0.006	0.9-0.6-97.9-0.6
150	GRSMP18	[GRSMP18-009]	16	35.73785	-83.27838	Indian Camp Creek	0.013	0.011	0.970	0.007	1.3-1.1-97-0.7
152	GRSMP2	[GRSMP2-001]	32	35.7671	-83.2023	Cosby Creek	0.035	0.048	0.873	0.044	3.5-4.8-87.3-4.4
153	GRSMP20	[GS34-001]	30	35.62745	-83.40842	Kephart Branch	0.063	0.044	0.805	0.088	6.3-4.4-80.5-8.8
157	GRSMP24	[GS37-001]	30	35.62274826	-83.42144591	Walker Camp Prong	0.064	0.056	0.486	0.394	6.4-5.6-48.6-39.4
158	GRSMP25	[GS38-001]	28	35.7456837	-83.215988	Rock Creek	0.008	0.014	0.972	0.006	0.8-1.4-97.2-0.6
159	GRSMP26	[GS39-001]	30	35.69511594	-83.32153141	Buck Fork	0.011	0.035	0.947	0.007	1.1-3.5-94.7-0.7
160	GRSMP27	[GS43-001]	30	35.69182448	-83.31598851	Chapman Prong	0.006	0.007	0.981	0.005	0.6-0.7-98.1-0.5
162	GRSMP29	[GS55-002]	30	35.64431163	-83.0726446	Winding Stair	0.006	0.007	0.983	0.004	0.6-0.7-98.3-0.4
163	GRSMP3	[GRSMP3-033]	48	35.7671	-83.2023	Cosby Creek	0.042	0.051	0.859	0.047	4.2-5.1-85.9-4.7
164	GRSMP30	[GS56-002]	30	35.59985518	-83.1308236	Hurricane Creek	0.027	0.014	0.904	0.055	2.7-1.4-90.4-5.5
165	GRSMP31	[GS57-002]	30	35.6021498	-83.16291579	Bear Branch	0.010	0.011	0.973	0.006	1-1.1-97.3-0.6
166	GRSMP32	[GS58-002]	30	35.67181836	-83.13536468	Pretty Hollow	0.006	0.013	0.976	0.005	0.6-1.3-97.6-0.5
167	GRSMP33	[GS59-002]	30	35.60188	-83.16237872	Horse Creek	0.007	0.007	0.981	0.005	0.7-0.7-98.1-0.5
168	GRSMP34	[GS60-002]	30	35.61488345	-83.14599307	Messer Branch	0.049	0.015	0.905	0.031	4.9-1.5-90.5-3.1
169	GRSMP35	[GS61-002]	29	35.61336491	-83.0939906	Sag Branch	0.013	0.015	0.949	0.023	1.3-1.5-94.9-2.3
170	GRSMP36	[GS62-002]	29	35.57193744	-83.12570343	Caldwell Fork	0.016	0.010	0.954	0.020	1.6-1-95.4-2
171	GRSMP37	[GS63-002]	30	35.67180283	-83.13877789	Onion Bed	0.007	0.014	0.975	0.004	0.7-1.4-97.5-0.4
172	GRSMP38	[GS64-002]	30	35.57635336	-83.12628358	Straight Creek	0.010	0.014	0.965	0.011	1-1.4-96.5-1.1
173	GRSMP39	[GS65-002]	30	35.59419869	-83.0987225	McKee Branch	0.020	0.015	0.929	0.036	2-1.5-92.9-3.6
174	GRSMP4	[GRSMP4-001]	28	35.7643	-83.2526	Greenbrier Creek	0.008	0.006	0.980	0.006	0.8-0.6-98-0.6
175	GRSMP5	[GRSMP5-035]	27	35.7643	-83.2526	Greenbrier Creek	0.009	0.007	0.978	0.006	0.9-0.7-97.8-0.6
176	GRSMP6	[GRSMP6-001]	33	35.7389	-83.2783	Indian Camp Creek	0.037	0.013	0.937	0.014	3.7-1.3-93.7-1.4
177	GRSMP8	[GRSMP8-001]	25	35.7671	-83.2023	Cosby Creek	0.036	0.067	0.870	0.027	3.6-6.7-87-2.7
178	GRSMP9	[GRSMP9-001]	34	35.7643	-83.2526	Greenbrier Creek	0.009	0.006	0.979	0.006	0.9-0.6-97.9-0.6
179	GRSMT1	[GRSMT1-001]	49	35.5563	-83.1677	Bunches Creek	0.008	0.009	0.975	0.009	0.8-0.9-97.5-0.9
180	GRSMT2	[GRSMT2-001]	50	35.5667	-83.18	Flatt Creek	0.007	0.007	0.978	0.008	0.7-0.7-97.8-0.8
181	GRSMT22	[GS36-001]	28	35.61986728	-83.23039471	Hyatt Creek	0.013	0.007	0.921	0.059	1.3-0.7-92.1-5.9
182	GRSMT23	[GS40-001]	29	35.58476105	-83.42515628	RF Deep Creek	0.023	0.007	0.961	0.009	2.3-0.7-96.1-0.9
183	GRSMT24	[GS41-001]	30	35.58503691	-83.42667635	Sahlee Creek	0.007	0.006	0.981	0.006	0.7-0.6-98.1-0.6
184	GRSMT25	[GS42-001]	30	35.55528252	-83.47670642	Noland Creek	0.006	0.018	0.970	0.007	0.6-1.8-97-0.7
185	GRSMT26	[GS44-001]	31	35.49706343	-83.65659546	Cold Springs Branch	0.007	0.008	0.977	0.009	0.7-0.8-97.7-0.9
186	GRSMT27	[GS45-001]	30	35.51194438	-83.69720183	Haw Gap Branch	0.012	0.014	0.965	0.009	1.2-1.4-96.5-0.9
187	GRSMT28	[GS46-001]	29	35.54112558	-83.67636608	Desolation Branch	0.008	0.010	0.971	0.010	0.8-1-97.1-1
188	GRSMT29	[GS47-001]	30	35.54053482	-83.6708987	Defeat Branch	0.007	0.010	0.971	0.012	0.7-1-97.1-1.2
189	GRSMT3	[GRSMT3-001]	40	35.5341	-83.5446	Huggin's Creek	0.043	0.019	0.761	0.178	4.3-1.9-76.1-17.8
190	GRSMT30	[GS49-002]	30	35.62001761	-83.33050789	Louie Camp Branch	0.017	0.010	0.941	0.032	1.7-1-94.1-3.2
191	GRSMT31	[GS50-002]	30	35.61226789	-83.26422737	Enloe Creek	0.073	0.051	0.853	0.023	7.3-5.1-85.3-2.3
192	GRSMT32	[GS51-002]	30	35.62431103	-83.32617226	Bearwallow Branch	0.009	0.011	0.972	0.007	0.9-1.1-97.2-0.7
193	GRSMT33	[GS52-002]	30	35.63332387	-83.32996679	Chasm Prong	0.008	0.010	0.972	0.010	0.8-1-97.2-1
194	GRSMT34	[GS53-001]	30	35.64340742	-83.25582982	R. Fork Raven Fork	0.013	0.019	0.949	0.018	1.3-1.9-94.9-1.8
195	GRSMT35	[GS54-002]	30	35.64491771	-83.32894523	Gulf Prong	0.013	0.016	0.942	0.028	1.3-1.6-94.2-2.8
197	GRSMT5	[GRSMT5-001]	47	35.4858	-83.5926	Bear Creek	0.031	0.017	0.845	0.107	3.1-1.7-84.5-10.7
198	GRSMT6	[GRSMT6-001]	25	35.58628	-83.36516	Kanati Fork	0.007	0.008	0.981	0.005	0.7-0.8-98.1-0.5
199	GRSMT7	[GRSMT7-001]	22	35.59933	-83.39906	Aden Branch	0.006	0.005	0.983	0.006	0.6-0.5-98.3-0.6
200	L2S1	[FC_2014_238]	50	35.57905	-83.578	Lean-to Site 1	0.006	0.911	0.078	0.006	0.6-91.1-7.8-0.6
201	LRS1	[LR_2013_001]	30	35.592602	-83.511766	Little River Site 1	0.006	0.965	0.023	0.006	0.6-96.5-2.3-0.6
202	LTGA11	[GA11-001]	30	34.946254	-83.453083	Keener Creek	0.007	0.007	0.981	0.005	0.7-0.7-98.1-0.5
203	LTNC10	[WRC113-001]	20	35.0511015	-83.308477	UT Tessentee Creek	0.012	0.009	0.752	0.227	1.2-0.9-75.2-22.7
204	LTNC100	[WRC091-001]	20	35.2377037	-84.0580182	(A) Tipton Creek (incl. trib.)	0.013	0.018	0.807	0.162	1.3-1.8-80.7-16.2
205	LTNC101	[WRC092-001]	20	35.0634056	-83.2739161	Bennies Branch	0.034	0.014	0.518	0.434	3.4-1.4-51.8-43.4
206	LTNC102	[WRC093-001]	20	35.089675	-83.189961	Big Creek	0.168	0.021	0.285	0.526	16.8-2.1-28.5-52.6
207	LTNC103	[WRC095-001]	20	35.1016582	-83.2430469	Brush Creek	0.012	0.029	0.307	0.652	1.2-2.9-30.7-65.2
208	LTNC104	[WRC096-001]	20	35.2257112	-83.2384502	Bryson Branch	0.011	0.005	0.936	0.048	1.1-0.5-93.6-4.8
209	LTNC105	[WRC098-001]	20	35.1037626	-83.2902498	Crow Creek	0.013	0.014	0.105	0.868	1.3-1.4-10.5-86.8
211	LTNC107	[WRC380A-001]	33	35.2204377	-83.0327662	Flat Creek (above falls)	0.081	0.437	0.289	0.193	8.1-43.7-28.9-19.3
212	LTNC108	[WRC381-001]	19	35.2568349	-82.9362342	Pinhook Creek (below falls)	0.012	0.113	0.866	0.008	1.2-11.3-86.6-0.8
213	LTNC109	[D901-001]	35	35.289958	-83.293475	Bettys Branch	0.007	0.008	0.980	0.005	0.7-0.8-98-0.5
214	LTNC11	[WRC293-001]	20	35.1970383	-82.9847656	Bracken Creek	0.103	0.310	0.073	0.515	10.3-31-7.3-51.5
215	LTNC110	[D902-001]	20	35.282125	-83.265064	Tatham Creek	0.007	0.010	0.957	0.027	0.7-1-95.7-2.7
216	LTNC111	[D903-001]	30	35.248756	-83.267727	Shell Branch	0.010	0.008	0.961	0.021	1-0.8-96.1-2.1
217	LTNC112	[D906-001]	39	35.302122	-83.372431	Huckleberry Creek	0.007	0.010	0.907	0.076	0.7-1-90.7-7.6
218	LTNC113	[D907-001]	36	35.302543	-83.341682	Beasley Creek	0.008	0.007	0.743	0.242	0.8-0.7-74.3-24.2
219	LTNC12	[WRC295-001]	20	35.2826209	-82.9853557	Charley Creek	0.095	0.022	0.795	0.089	9.5-2.2-79.5-8.9
220	LTNC13	[WRC296-001]	20	35.2201	-82.95806	Cold Creek	0.087	0.061	0.376	0.477	8.7-6.1-37.6-47.7
221	LTNC14	[WRC302-001]	20	35.2028632	-83.1893383	Gem Creek	0.034	0.022	0.729	0.215	3.4-2.2-72.9-21.5
222	LTNC15	[WRC306-001]	20	35.2788805	-83.0250111	Jeff Creek	0.008	0.008	0.980	0.005	0.8-0.8-98-0.5
223	LTNC16	[WRC308-001]	20	35.2016225	-83.2125065	Little Pine Creek	0.020	0.011	0.409	0.560	2-1.1-40.9-56
224	LTNC17	[WRC310-001]	20	35.2564608	-83.1336517	Mill Creek	0.072	0.021	0.786	0.121	7.2-2.1-78.6-12.1
225	LTNC18	[WRC311-001]	20	35.167814	-83.1852347	Mill Creek	0.017	0.015	0.423	0.545	1.7-1.5-42.3-54.5
226	LTNC19	[WRC318-001]	20	35.2766748	-83.0144098	Sols Creek	0.044	0.027	0.529	0.400	4.4-2.7-52.9-40
227	LTNC2	[NC02-001]	42	35.48692	-83.18631	Soco Creek	0.010	0.006	0.977	0.007	1-0.6-97.7-0.7
229	LTNC21	[WRC322-001]	20	35.2096888	-83.1164218	Trout Creek	0.150	0.080	0.036	0.735	15-8-3.6-73.5
230	LTNC22	[WRC119-001]	20	35.2551992	-83.5906381	UT Otter Creek	0.018	0.019	0.915	0.048	1.8-1.9-91.5-4.8
231	LTNC23	[WRC022-001]	20	35.254525	-83.966819	(C) Sassafras Creek (incl. trib.)	0.005	0.010	0.978	0.006	0.5-1-97.8-0.6
232	LTNC24	[WRC120-001]	20	35.023508	-83.487356	Yellow Patch Branch	0.118	0.052	0.666	0.164	11.8-5.2-66.6-16.4
233	LTNC25	[WRC023-001]	20	35.2455342	-83.8856125	Bear Creek	0.011	0.010	0.950	0.029	1.1-1-95-2.9
234	LTNC26	[WRC025-001]	20	35.3259869	-83.9640204	Wright Creek	0.029	0.010	0.836	0.125	2.9-1-83.6-12.5
235	LTNC27	[NC04-001]	40	35.5288	-83.1922	Madcap Branch	0.007	0.006	0.982	0.005	0.7-0.6-98.2-0.5
236	LTNC28	[NC05-001]	39	35.4902	-83.2151	Jenkin's Creek	0.024	0.010	0.908	0.058	2.4-1-90.8-5.8
237	LTNC29	[NC06-001]	24	35.4995	-83.1746	Rough Branch	0.016	0.008	0.824	0.152	1.6-0.8-82.4-15.2
238	LTNC3	[NC03-001]	40	35.52025	-83.22418	Big Witch Creek	0.017	0.008	0.854	0.121	1.7-0.8-85.4-12.1
240	LTNC31	[WRC376-001]	40	35.26218	-84.04492	Tellico River	0.006	0.012	0.972	0.009	0.6-1.2-97.2-0.9
241	LTNC32	[WRC377-001]	34	35.25168	-84.0299	Round Mountain Branch	0.007	0.025	0.957	0.011	0.7-2.5-95.7-1.1
242	LTNC33	[WRC378-001]	31	35.27757	-83.99892	Snowbird Creek	0.014	0.023	0.933	0.029	1.4-2.3-93.3-2.9
245	LTNC36	[WRC384-001]	28	35.384962	-83.079766	Dark Ridge Creek	0.027	0.008	0.882	0.084	2.7-0.8-88.2-8.4
246	LTNC37	[WRC109-001]	19	35.39795	-83.993239	Slickrock Creek	0.030	0.023	0.700	0.247	3-2.3-70-24.7
247	LTNC38	[WRC100-001]	20	35.051127	-83.4433848	Henson Creek	0.048	0.015	0.749	0.188	4.8-1.5-74.9-18.8
248	LTNC39	[WRC103-001]	20	35.3365644	-83.4061966	Little Laurel Creek (trib. of Alarka Cr.)	0.008	0.005	0.912	0.075	0.8-0.5-91.2-7.5
250	LTNC40	[WRC105-001]	20	35.0812545	-83.2460064	Long Branch	0.051	0.022	0.217	0.710	5.1-2.2-21.7-71
251	LTNC41	[WRC107-001]	20	35.2703011	-84.0475248	Peckerwood Creek	0.009	0.013	0.941	0.037	0.9-1.3-94.1-3.7
252	LTNC42	[WRC110-001]	20	35.0512067	-83.2553861	Turtle Pond Creek	0.115	0.009	0.463	0.412	11.5-0.9-46.3-41.2
253	LTNC43	[WRC114-001]	20	35.032742	-83.436394	UT to Coweeta Creek (near Reynolds Gap)	0.013	0.007	0.974	0.006	1.3-0.7-97.4-0.6
254	LTNC44	[WRC115-001]	20	35.2175734	-83.2342281	Wildcat Creek	0.030	0.008	0.740	0.222	3-0.8-74-22.2
256	LTNC46	[WRC118-001]	20	35.249133	-83.669244	Pierce Creek ( also listed as Piercy Creek)	0.135	0.047	0.757	0.061	13.5-4.7-75.7-6.1
257	LTNC47	[WRC267-001]	20	35.382	-83.12	(A) South Fork Sugarloaf Creek	0.006	0.005	0.966	0.023	0.6-0.5-96.6-2.3
259	LTNC49	[WRC269-001]	19	35.388	-83.126	(A) UT Sugarloaf Creek	0.007	0.005	0.900	0.088	0.7-0.5-90-8.8
270	LTNC58	[WRC282-001]	20	35.3280919	-83.0582684	(D) Chastine Creek (incl. tribs.)	0.010	0.008	0.974	0.008	1-0.8-97.4-0.8
271	LTNC59	[WRC283-001]	20	35.347	-83.054	(D) Craig Creek	0.007	0.008	0.978	0.007	0.7-0.8-97.8-0.7
272	LTNC6	[WRC101-001]	20	35.1570048	-83.2625388	Ledford Branch	0.009	0.004	0.452	0.535	0.9-0.4-45.2-53.5
273	LTNC60	[WRC284-001]	20	35.3360411	-83.05636282	(D) Frady Creek	0.011	0.009	0.972	0.009	1.1-0.9-97.2-0.9
275	LTNC62	[WRC299-001]	20	35.4191386	-83.1907797	Fisher Creek	0.018	0.007	0.963	0.012	1.8-0.7-96.3-1.2
276	LTNC63	[WRC304-002]	19	35.333816	-83.3062694	Greens Creek	0.008	0.006	0.803	0.183	0.8-0.6-80.3-18.3
277	LTNC64	[WRC305-001]	20	35.2200232	-83.1506208	Hunter Jim Creek	0.033	0.012	0.947	0.007	3.3-1.2-94.7-0.7
279	LTNC66	[WRC309-001]	20	35.2171902	-83.1048686	Little Trout Creek	0.015	0.010	0.942	0.033	1.5-1-94.2-3.3
280	LTNC67	[WRC312-001]	20	35.2339737	-83.0196683	Neddie Creek	0.011	0.011	0.958	0.020	1.1-1.1-95.8-2
281	LTNC68	[WRC319-001]	20	35.2847512	-82.9434836	Tanassee Creek	0.009	0.011	0.975	0.005	0.9-1.1-97.5-0.5
282	LTNC69	[WRC323-001]	20	35.3482953	-83.1325927	Wayehutta Creek	0.017	0.012	0.952	0.018	1.7-1.2-95.2-1.8
283	LTNC7	[WRC106-001]	20	35.0980559	-83.1887634	Norton Prong	0.091	0.025	0.170	0.714	9.1-2.5-17-71.4
284	LTNC70	[WRC366-001]	20	35.24075	-83.582694	Big Branch	0.008	0.011	0.976	0.005	0.8-1.1-97.6-0.5
285	LTNC71	[WRC369-001]	20	35.3657942	-83.0204091	Mull Creek	0.028	0.024	0.916	0.032	2.8-2.4-91.6-3.2
286	LTNC72	[WRC024-001]	20	35.328906	-84.016292	Whigg Branch	0.023	0.213	0.111	0.652	2.3-21.3-11.1-65.2
290	LTNC76	[WRC116-001]	20	35.039192	-83.574072	Buck Creek	0.168	0.059	0.692	0.081	16.8-5.9-69.2-8.1
291	LTNC77	[WRC278-001]	20	35.35	-83.088	(C) East Fork Moses	0.017	0.010	0.962	0.010	1.7-1-96.2-1
292	LTNC78	[WRC279-001]	20	35.3312291	-83.1007775	(C) Moses Creek	0.011	0.009	0.973	0.007	1.1-0.9-97.3-0.7
293	LTNC79	[WRC280-001]	20	35.338	-83.098	(C) Moses Creek	0.016	0.009	0.964	0.011	1.6-0.9-96.4-1.1
294	LTNC8	[WRC111-001]	20	35.3374603	-83.3784729	Upper Long Branch	0.011	0.006	0.857	0.126	1.1-0.6-85.7-12.6
296	LTNC81	[WRC285-001]	20	35.3300556	-83.0012443	(F) Bearwallow Creek (including tribs.)	0.156	0.159	0.318	0.367	15.6-15.9-31.8-36.7
297	LTNC82	[WRC286-001]	20	35.332	-82.999	(F) Birch Ridge Creek	0.078	0.138	0.710	0.074	7.8-13.8-71-7.4
298	LTNC83	[WRC287-001]	20	35.179	-83.076	(G) Cow Mountain Branch	0.088	0.438	0.049	0.425	8.8-43.8-4.9-42.5
299	LTNC84	[WRC288-001]	20	35.186	-83.078	(G) Mill Creek	0.049	0.293	0.119	0.538	4.9-29.3-11.9-53.8
300	LTNC85	[WRC289-001]	20	35.176	-83.061	(G) Packs Creek	0.024	0.306	0.068	0.603	2.4-30.6-6.8-60.3
301	LTNC86	[WRC290-001]	20	35.183	-83.082	(G) Shelton Creek	0.022	0.193	0.092	0.693	2.2-19.3-9.2-69.3
302	LTNC87	[WRC291-001]	20	35.2644016	-83.0185048	(H) Sols Creek	0.053	0.021	0.913	0.012	5.3-2.1-91.3-1.2
303	LTNC88	[WRC292-001]	20	35.3523882	-83.0155009	Beechflat Creek	0.099	0.053	0.021	0.828	9.9-5.3-2.1-82.8
305	LTNC9	[WRC112-001]	20	35.1334328	-83.2059302	UT Buck Creek	0.009	0.006	0.949	0.035	0.9-0.6-94.9-3.5
306	LTNC90	[WRC297-001]	20	35.2186559	-83.2097509	Dodgen Creek	0.030	0.012	0.424	0.535	3-1.2-42.4-53.5
307	LTNC91	[WRC300-001]	20	35.2204377	-83.0327662	Flat Creek	0.016	0.662	0.245	0.076	1.6-66.2-24.5-7.6
308	LTNC92	[WRC301-001]	20	35.2883362	-82.9733704	Gage Creek	0.059	0.031	0.207	0.703	5.9-3.1-20.7-70.3
309	LTNC93	[WRC313-001]	20	35.3235915	-82.9913537	Piney Mountain Creek	0.045	0.080	0.637	0.239	4.5-8-63.7-23.9
310	LTNC94	[WRC314-001]	20	35.2568349	-82.9362342	Pinhook Creek	0.020	0.104	0.773	0.103	2-10.4-77.3-10.3
311	LTNC95	[WRC315-001]	20	35.2488885	-83.2674832	Shell Branch	0.008	0.007	0.971	0.013	0.8-0.7-97.1-1.3
313	LTNC97	[WRC317-001]	20	35.2007229	-83.0039466	Slickens Creek	0.151	0.059	0.081	0.709	15.1-5.9-8.1-70.9
314	LTNC98	[WRC320-001]	19	35.2802563	-83.2630471	Tatham Creek	0.007	0.009	0.851	0.132	0.7-0.9-85.1-13.2
315	LTNC99	[WRC324-004]	15	35.2665208	-82.9695989	Wolf Creek	0.083	0.067	0.634	0.216	8.3-6.7-63.4-21.6
316	MPPS1	[LR_2013_211]	29	35.598205	-83.501998	Meigs Post Prong Site 1	0.005	0.965	0.025	0.006	0.5-96.5-2.5-0.6
317	MPPS2	[LR_2013_240]	31	35.594744	-83.49822	Meigs Post Prong Site 2	0.005	0.973	0.017	0.005	0.5-97.3-1.7-0.5
318	PFBNC1	[NC01-001]	42	35.46629	-83.04172	Hyatt Cove Creek	0.011	0.009	0.974	0.006	1.1-0.9-97.4-0.6
319	PFBNC10	[WRC246-001]	20	35.4136987	-83.0132106	Old Bald Creek	0.011	0.029	0.928	0.032	1.1-2.9-92.8-3.2
320	PFBNC100	[WRC217-001]	20	35.721547	-82.254889	Right Prong South Toe River	0.021	0.067	0.378	0.534	2.1-6.7-37.8-53.4
321	PFBNC101	[WRC219-001]	19	35.76075	-82.192601	Roaring Fork	0.047	0.232	0.617	0.104	4.7-23.2-61.7-10.4
322	PFBNC102	[WRC222-001]	20	36.1015896	-82.0403139	Sandbank Creek	0.011	0.010	0.376	0.603	1.1-1-37.6-60.3
324	PFBNC104	[WRC225-001]	20	36.136075	-82.221978	Spring Creek	0.010	0.017	0.491	0.482	1-1.7-49.1-48.2
325	PFBNC105	[WRC226-001]	20	36.0048744	-82.0796566	Stagger Weed Creek	0.027	0.023	0.507	0.444	2.7-2.3-50.7-44.4
326	PFBNC106	[WRC227-001]	20	35.8172014	-82.1783762	UT Little White Oak Creek	0.045	0.140	0.460	0.355	4.5-14-46-35.5
327	PFBNC107	[WRC235-001]	20	35.511961	-83.0311825	Gaddis Branch	0.013	0.051	0.861	0.075	1.3-5.1-86.1-7.5
328	PFBNC108	[WRC236-001]	20	35.5658324	-83.08157727	Hemphill Branch	0.016	0.032	0.888	0.064	1.6-3.2-88.8-6.4
329	PFBNC109	[WRC242-001]	20	35.439484	-82.9913905	Medford Branch	0.051	0.011	0.766	0.173	5.1-1.1-76.6-17.3
330	PFBNC11	[WRC250-001]	20	35.4082192	-83.9945695	Shiny Creek	0.011	0.067	0.915	0.006	1.1-6.7-91.5-0.6
331	PFBNC110	[WRC245-001]	20	35.4113281	-83.016928	Old Bald Creek	0.016	0.051	0.894	0.038	1.6-5.1-89.4-3.8
332	PFBNC111	[WRC249-001]	15	35.335311	-82.889639	Sam Branch	0.007	0.005	0.004	0.984	0.7-0.5-0.4-98.4
333	PFBNC112	[WRC254-001]	20	35.458564	-83.085531	Winchester Creek	0.008	0.011	0.975	0.006	0.8-1.1-97.5-0.6
334	PFBNC113	[WRC026-001]	20	36.016006	-82.684572	(A) East Prong Hickey Fork	0.038	0.023	0.507	0.432	3.8-2.3-50.7-43.2
335	PFBNC114	[WRC027-001]	20	35.4315423	-82.6826226	(B) Fletcher Creek	0.017	0.874	0.041	0.068	1.7-87.4-4.1-6.8
336	PFBNC115	[WRC028-001]	20	35.4346241	-82.68400165	(B) Spencer Branch	0.010	0.938	0.028	0.024	1-93.8-2.8-2.4
340	PFBNC119	[WRC326-001]	20	36.1950526	-81.9551761	Fall Creek	0.008	0.007	0.004	0.982	0.8-0.7-0.4-98.2
342	PFBNC120	[WRC327-001]	19	36.1854005	-81.7095864	Harrison Branch	0.011	0.208	0.706	0.074	1.1-20.8-70.6-7.4
345	PFBNC123	[WRC330-001]	20	36.196714	-81.7076549	Laurel Fork	0.021	0.111	0.695	0.174	2.1-11.1-69.5-17.4
346	PFBNC125	[WRC339-001]	20	36.2149634	-81.8216606	Worley Creek	0.013	0.030	0.718	0.238	1.3-3-71.8-23.8
347	PFBNC126	[WRC036-001]	19	35.1531241	-82.8544272	(K) Diamond Creek (above falls)	0.027	0.364	0.401	0.208	2.7-36.4-40.1-20.8
348	PFBNC127	[WRC037-001]	19	35.148	-82.841	(K) Diamond Creek (below falls)	0.025	0.330	0.073	0.571	2.5-33-7.3-57.1
353	PFBNC131	[WRC043-001]	20	35.317274	-82.7989204	Big Bearpen Branch	0.012	0.680	0.075	0.233	1.2-68-7.5-23.3
354	PFBNC132	[WRC044-001]	20	35.1263498	-82.7254991	Bradley Creek	0.089	0.275	0.065	0.571	8.9-27.5-6.5-57.1
357	PFBNC135	[WRC047-001]	19	35.2452798	-82.8250315	Cathys Creek (above falls)	0.021	0.182	0.022	0.775	2.1-18.2-2.2-77.5
358	PFBNC136	[WRC048-001]	20	35.2279072	-82.8089636	Cedar Rock Creek	0.013	0.475	0.014	0.498	1.3-47.5-1.4-49.8
360	PFBNC138	[WRC054-001]	20	35.1953627	-82.7006818	Hogsed Creek	0.020	0.476	0.044	0.460	2-47.6-4.4-46
361	PFBNC139	[WRC055-001]	20	35.2269765	-82.8036075	Kagle Branch	0.011	0.756	0.016	0.218	1.1-75.6-1.6-21.8
362	PFBNC14	[WRC086-001]	20	35.3011132	-82.7014008	North Prong Turkey Creek	0.006	0.976	0.014	0.004	0.6-97.6-1.4-0.4
363	PFBNC140	[WRC056-001]	19	35.2453111	-82.7890818	Kuykendall Creek	0.020	0.012	0.005	0.964	2-1.2-0.5-96.4
364	PFBNC141	[WRC058-001]	20	35.3211685	-82.8026481	Log Hollow Branch	0.068	0.008	0.019	0.905	6.8-0.8-1.9-90.5
365	PFBNC142	[WRC059-001]	20	35.3240283	-82.7897053	Looking Glass Creek	0.019	0.238	0.093	0.650	1.9-23.8-9.3-65
366	PFBNC144	[WRC067-001]	20	35.3017378	-82.803234	Rockhouse Creek	0.040	0.007	0.004	0.949	4-0.7-0.4-94.9
367	PFBNC145	[WRC068-001]	20	35.5621703	-82.3555376	Rocky Fork	0.028	0.009	0.015	0.948	2.8-0.9-1.5-94.8
370	PFBNC148	[WRC071-001]	20	35.3216175	-82.6885368	Sutton Creek	0.062	0.201	0.056	0.681	6.2-20.1-5.6-68.1
371	PFBNC149	[WRC072-001]	20	35.2333527	-82.8211449	Tarkiln Branch	0.030	0.549	0.059	0.362	3-54.9-5.9-36.2
374	PFBNC152	[WRC077-001]	20	35.3352984	-82.8026901	UT Looking Glass Creek (@ Bennet Cove)	0.024	0.274	0.108	0.594	2.4-27.4-10.8-59.4
377	PFBNC155	[WRC080-001]	20	35.3387483	-82.7923259	UT to Looking Glass Creek (@ Cherry Cove)	0.021	0.159	0.133	0.687	2.1-15.9-13.3-68.7
378	PFBNC156	[WRC081-001]	20	35.148281	-82.594131	Wildcat Branch	0.020	0.571	0.054	0.355	2-57.1-5.4-35.5
379	PFBNC157	[WRC084-001]	20	35.2791541	-82.88750234	Chestnut Creek	0.017	0.537	0.148	0.298	1.7-53.7-14.8-29.8
380	PFBNC158	[D712-001]	86	36.1187367	-81.785994	Boone Fork	0.005	0.007	0.984	0.004	0.5-0.7-98.4-0.4
381	PFBNC159	[D904-001]	48	35.65536	-82.41322	Left Fork Beetree Creek	0.006	0.935	0.054	0.004	0.6-93.5-5.4-0.4
382	PFBNC16	[WRC088-001]	20	35.720176	-82.8363434	UT Friezland Creek	0.056	0.081	0.759	0.105	5.6-8.1-75.9-10.5
383	PFBNC160	[D905-001]	40	35.66236	-82.29021	Flat Creek	0.022	0.745	0.225	0.009	2.2-74.5-22.5-0.9
384	PFBNC161	[D908-001]	40	35.72633	-82.33578	North Fork Swannanoa River	0.006	0.978	0.011	0.005	0.6-97.8-1.1-0.5
386	PFBNC17	[WRC089-001]	20	35.1317496	-82.633079	Walker Branch	0.026	0.277	0.065	0.633	2.6-27.7-6.5-63.3
388	PFBNC19	[WRC050-001]	20	35.2919502	-82.815768	Cove Creek	0.006	0.976	0.013	0.006	0.6-97.6-1.3-0.6
389	PFBNC21	[WRC238-001]	20	35.520511	-83.1329804	Indian Creek	0.008	0.013	0.974	0.005	0.8-1.3-97.4-0.5
391	PFBNC23	[WRC034-001]	20	35.1911007	-82.8208899	(J) Sawmill Creek (above falls)	0.006	0.974	0.013	0.007	0.6-97.4-1.3-0.7
392	PFBNC24	[WRC371-001]	20	35.088828	-82.756712	South Prong Glady Fork	0.062	0.774	0.045	0.119	6.2-77.4-4.5-11.9
393	PFBNC25	[WRC372-001]	20	35.089306	-82.741648	Jane Cantrell Creek	0.028	0.917	0.029	0.025	2.8-91.7-2.9-2.5
394	PFBNC26	[WRC373-001]	20	35.108285	-82.701368	Hickory Flat Creek	0.006	0.005	0.005	0.985	0.6-0.5-0.5-98.5
396	PFBNC28	[WRC382-001]	20	35.120125	-82.75003	Laurel Branch (Murr Creek) Above Falls	0.057	0.573	0.088	0.282	5.7-57.3-8.8-28.2
398	PFBNC3	[WRC064-001]	20	35.3536568	-82.7777478	Pigeon Branch	0.014	0.088	0.048	0.850	1.4-8.8-4.8-85
400	PFBNC31	[WRC042-001]	20	35.462239	-82.689914	Beaverdam Creek	0.072	0.821	0.097	0.009	7.2-82.1-9.7-0.9
401	PFBNC32	[WRC051-001]	20	35.1232614	-82.7047303	East Fork French Broad River	0.017	0.937	0.021	0.024	1.7-93.7-2.1-2.4
403	PFBNC34	[WRC057-001]	19	35.361242	-82.683317	Laurel Creek	0.008	0.798	0.177	0.017	0.8-79.8-17.7-1.7
404	PFBNC35	[WRC060-001]	20	35.756372	-82.946969	Maple Springs Branch	0.017	0.016	0.879	0.088	1.7-1.6-87.9-8.8
405	PFBNC36	[WRC062-001]	20	35.798753	-82.368792	North Fork Ivy Creek	0.008	0.327	0.651	0.014	0.8-32.7-65.1-1.4
407	PFBNC38	[WRC065-001]	20	35.6694559	-82.3930353	Right Fork Beetree Creek	0.007	0.906	0.083	0.004	0.7-90.6-8.3-0.4
408	PFBNC39	[WRC066-001]	20	35.815297	-82.938686	Roaring Fork	0.019	0.475	0.408	0.098	1.9-47.5-40.8-9.8
409	PFBNC4	[WRC090-001]	20	35.33193	-82.65082	Woody Branch	0.012	0.956	0.027	0.005	1.2-95.6-2.7-0.5
412	PFBNC42	[WRC082-001]	20	35.3314292	-82.6493749	Woody Branch	0.013	0.948	0.034	0.005	1.3-94.8-3.4-0.5
413	PFBNC43	[WRC085-001]	20	35.2584604	-82.7535622	Mine Branch	0.005	0.978	0.010	0.007	0.5-97.8-1-0.7
414	PFBNC44	[WRC189-001]	20	35.87624	-82.234827	Ayles Creek	0.008	0.056	0.927	0.008	0.8-5.6-92.7-0.8
415	PFBNC45	[WRC190-001]	20	35.9652732	-82.4749537	Bald Mountain Creek	0.015	0.098	0.847	0.040	1.5-9.8-84.7-4
416	PFBNC46	[WRC196-001]	20	36.0968006	-82.1012793	Carvers Gap Creek	0.005	0.010	0.961	0.024	0.5-1-96.1-2.4
418	PFBNC48	[WRC198-001]	20	35.9602071	-82.0517815	Gouges Creek	0.007	0.009	0.979	0.005	0.7-0.9-97.9-0.5
419	PFBNC49	[WRC200-001]	20	36.083408	-82.115417	Holder Creek	0.006	0.021	0.967	0.007	0.6-2.1-96.7-0.7
420	PFBNC5	[WRC230-001]	20	35.4080126	-83.0011615	Cherry Cove Creek	0.013	0.103	0.875	0.009	1.3-10.3-87.5-0.9
421	PFBNC50	[WRC201-001]	20	36.082267	-82.063001	Jerry Creek	0.009	0.211	0.741	0.040	0.9-21.1-74.1-4
422	PFBNC51	[WRC203-001]	20	36.0956264	-82.0985289	Johns Camp Branch	0.007	0.026	0.949	0.017	0.7-2.6-94.9-1.7
423	PFBNC52	[WRC204-001]	20	35.9845092	-82.044634	Jones Creek	0.009	0.232	0.708	0.051	0.9-23.2-70.8-5.1
424	PFBNC53	[WRC209-001]	20	36.121701	-82.160219	Lyddies Creek	0.005	0.079	0.910	0.006	0.5-7.9-91-0.6
426	PFBNC55	[WRC212-001]	20	35.7970579	-82.2825554	Ogle Creek	0.007	0.854	0.128	0.011	0.7-85.4-12.8-1.1
427	PFBNC56	[WRC214-001]	20	35.7731193	-82.3226384	Raven Fork	0.006	0.607	0.377	0.009	0.6-60.7-37.7-0.9
428	PFBNC57	[WRC218-001]	20	36.116242	-82.050094	Roaring Creek	0.010	0.025	0.947	0.018	1-2.5-94.7-1.8
429	PFBNC58	[WRC220-001]	20	35.8482545	-82.2108422	Roaring Spout Branch (Above Falls)	0.007	0.015	0.971	0.007	0.7-1.5-97.1-0.7
431	PFBNC6	[WRC231-001]	20	35.4144916	-83.9934787	Deep Gap Creek	0.013	0.053	0.925	0.009	1.3-5.3-92.5-0.9
433	PFBNC61	[WRC228-001]	20	35.382768	-82.8093472	Bee Branch	0.013	0.024	0.957	0.006	1.3-2.4-95.7-0.6
435	PFBNC63	[WRC232-001]	19	35.4134934	-82.9919913	Deep Gap Creek	0.014	0.038	0.924	0.023	1.4-3.8-92.4-2.3
436	PFBNC64	[WRC233-001]	20	35.5284956	-83.1522215	Deep Gap Creek	0.009	0.014	0.970	0.007	0.9-1.4-97-0.7
437	PFBNC65	[WRC234-001]	20	35.54362	-83.1043	Fie Creek	0.010	0.095	0.841	0.054	1-9.5-84.1-5.4
438	PFBNC66	[WRC239-001]	20	35.5044723	-83.0939977	Johnson Branch	0.012	0.027	0.949	0.011	1.2-2.7-94.9-1.1
439	PFBNC67	[WRC240-001]	20	35.5194154	-83.158788	Long Branch	0.008	0.032	0.954	0.006	0.8-3.2-95.4-0.6
440	PFBNC68	[WRC241-001]	20	35.5350548	-83.1629576	Mashie Stomp Creek	0.007	0.024	0.963	0.006	0.7-2.4-96.3-0.6
441	PFBNC69	[WRC244-001]	20	35.435672	-82.934283	Nix Creek	0.013	0.016	0.963	0.008	1.3-1.6-96.3-0.8
442	PFBNC7	[WRC237-001]	20	35.400362	-82.7949057	Hungry Creek	0.009	0.020	0.965	0.006	0.9-2-96.5-0.6
443	PFBNC70	[WRC247-001]	20	35.4815135	-83.0456402	Plott Creek	0.039	0.067	0.882	0.012	3.9-6.7-88.2-1.2
444	PFBNC71	[WRC248-001]	20	35.4263574	-83.0215477	Rocky Branch	0.008	0.009	0.970	0.013	0.8-0.9-97-1.3
445	PFBNC72	[WRC251-001]	20	35.4159817	-83.0244455	Steestachee Creek	0.014	0.037	0.935	0.014	1.4-3.7-93.5-1.4
446	PFBNC73	[WRC255-001]	20	35.5108696	-83.1468679	Wolf Laurel Branch	0.014	0.016	0.931	0.038	1.4-1.6-93.1-3.8
447	PFBNC74	[WRC325-001]	20	36.3214084	-81.7397625	Ellison Branch	0.014	0.015	0.902	0.069	1.4-1.5-90.2-6.9
448	PFBNC75	[WRC328-001]	20	36.1862318	-81.7095216	Harrison Branch	0.021	0.145	0.719	0.115	2.1-14.5-71.9-11.5
449	PFBNC77	[WRC333-001]	20	36.3274908	-81.7776488	North Fork Cove Creek	0.081	0.023	0.738	0.158	8.1-2.3-73.8-15.8
450	PFBNC78	[WRC334-001]	20	36.1556859	-81.8987786	Ramp Branch	0.029	0.103	0.862	0.005	2.9-10.3-86.2-0.5
451	PFBNC79	[WRC335-001]	20	36.1253758	-81.8201683	Shanty Spring Branch	0.008	0.034	0.924	0.034	0.8-3.4-92.4-3.4
452	PFBNC80	[WRC337-001]	20	36.1505828	-81.9007725	UT to Elk River (upstream of Ramp Branch)	0.036	0.034	0.874	0.056	3.6-3.4-87.4-5.6
453	PFBNC81	[WRC365-001]	20	35.4886448	-83.1133433	East Fork Campbell Creek	0.009	0.030	0.948	0.013	0.9-3-94.8-1.3
454	PFBNC82	[WRC367-001]	20	35.449162	-82.7433732	Stony Fork	0.012	0.550	0.432	0.006	1.2-55-43.2-0.6
455	PFBNC83	[WRC368-001]	20	35.3007729	-82.8198306	UT Cove Creek	0.007	0.972	0.017	0.005	0.7-97.2-1.7-0.5
457	PFBNC86	[WRC192-001]	20	35.740517	-82.21605	Big Lost Cove Creek	0.009	0.090	0.865	0.036	0.9-9-86.5-3.6
458	PFBNC87	[WRC193-001]	20	35.7732736	-82.2913318	Big Poplar Creek	0.090	0.417	0.358	0.135	9-41.7-35.8-13.5
460	PFBNC89	[WRC195-001]	20	36.095653	-82.187814	Broad Branch	0.015	0.034	0.722	0.229	1.5-3.4-72.2-22.9
462	PFBNC90	[WRC199-001]	20	35.710219	-82.251292	Hemphill Creek	0.029	0.077	0.305	0.589	2.9-7.7-30.5-58.9
464	PFBNC92	[WRC205-001]	20	36.073842	-82.096161	Little Rock Creek	0.041	0.071	0.664	0.224	4.1-7.1-66.4-22.4
465	PFBNC93	[WRC206-001]	20	35.8202383	-82.1830178	Little Whiteoak Creek	0.025	0.151	0.329	0.495	2.5-15.1-32.9-49.5
466	PFBNC94	[WRC207-001]	20	35.8209539	-82.183294	Little Whiteoak Creek	0.038	0.169	0.379	0.414	3.8-16.9-37.9-41.4
467	PFBNC95	[WRC208-001]	20	35.734181	-82.237019	Lower Creek	0.020	0.027	0.322	0.631	2-2.7-32.2-63.1
468	PFBNC96	[WRC210-001]	20	35.7431237	-82.2121026	Neals Creek	0.044	0.043	0.182	0.731	4.4-4.3-18.2-73.1
469	PFBNC97	[WRC213-001]	19	35.9954945	-82.0266517	Pyatt Creek	0.067	0.021	0.582	0.330	6.7-2.1-58.2-33
470	PFBNC98	[WRC215-001]	20	36.077086	-82.087278	Reuban Creek	0.008	0.038	0.886	0.067	0.8-3.8-88.6-6.7
471	PFBNC99	[WRC216-001]	20	36.0899691	-82.2272378	Right Fork Beans Creek	0.026	0.060	0.727	0.187	2.6-6-72.7-18.7
472	SCS1	[LR_2013_331]	30	35.599257	-83.49679	Sweet Creek Site 1	0.009	0.916	0.067	0.009	0.9-91.6-6.7-0.9
473	SiCS2	[FC_2014_188]	50	35.580724	-83.567498	Silers Creek Site 2	0.006	0.969	0.019	0.007	0.6-96.9-1.9-0.7
474	STB	[LR_2013_361]	30	35.589128	-83.514027	Spud Town Branch	0.006	0.965	0.024	0.005	0.6-96.5-2.4-0.5
475	TN01	[TN01-001]	34	36.19179	-82.10446	George Creek	0.007	0.031	0.954	0.008	0.7-3.1-95.4-0.8
476	TN02	[TN02-001]	34	36.17373	-82.21049	Clarke Creek	0.005	0.020	0.968	0.006	0.5-2-96.8-0.6
477	TN03	[TN03-001]	32	36.12929	-82.09356	Toms Creek	0.006	0.014	0.972	0.008	0.6-1.4-97.2-0.8
478	TN04	[TN04-001]	50	36.1452	-82.04849	Left Prong Hampton Creek (lower)	0.007	0.030	0.953	0.009	0.7-3-95.3-0.9
479	TN05	[TN05-001]	50	36.13995	-82.04641	Left Prong Hampton Creek (upper)	0.008	0.038	0.942	0.011	0.8-3.8-94.2-1.1
480	TN09	[TN09-001]	15	35.80358	-83.02765	Deep Gap Creek	0.032	0.810	0.125	0.033	3.2-81-12.5-3.3
481	TN10	[TN10-001]	30	36.1481741	-82.1020676	Five Poplar Branch	0.012	0.085	0.896	0.007	1.2-8.5-89.6-0.7
482	TN11	[TN11-001]	36	35.27136	-84.13839	Bald River	0.008	0.008	0.968	0.017	0.8-0.8-96.8-1.7
483	TN12	[TN12-001]	36	35.27077	-84.13883	Brookshire Creek	0.037	0.016	0.815	0.131	3.7-1.6-81.5-13.1
489	TN07	[TN07-001]	21	36.4715	-81.97623	Lindy Camp Branch	0.008	0.012	0.965	0.014	0.8-1.2-96.5-1.4
491	TN16	[TN16-001]	22	36.46861	-81.97776	Big Spur Branch	0.005	0.100	0.890	0.005	0.5-10-89-0.5
492	TN17	[TN17-001]	22	36.48027	-81.97548	Bakers Ridge Creek	0.009	0.016	0.952	0.022	0.9-1.6-95.2-2.2
493	TN20	[TN20-001]	20	36.60794	-81.6842	Whetstone Branch	0.005	0.034	0.956	0.004	0.5-3.4-95.6-0.4
494	TN08	[TN08-001]	21	36.61068	-81.65772	Bearpen Branch	0.009	0.018	0.955	0.019	0.9-1.8-95.5-1.9
495	TN108	[TN108-001]	30	35.798245	-82.998145	Middle Prong Gulf Ck.	0.034	0.856	0.075	0.035	3.4-85.6-7.5-3.5
496	TN109	[TN109-001]	30	35.790545	-83.00505	Brown Gap Creek	0.014	0.957	0.020	0.010	1.4-95.7-2-1
497	TN110	[TN110-001]	30	35.87983	-82.95747	Dry Fork	0.010	0.019	0.964	0.007	1-1.9-96.4-0.7
498	TN111	[TN111-001]	30	35.86268	-82.92706	Wolf Creek	0.012	0.155	0.795	0.038	1.2-15.5-79.5-3.8
499	TN112	[TN112-001]	30	35.95184	-82.827325	Sawmill Branch	0.018	0.020	0.931	0.031	1.8-2-93.1-3.1
500	TN122	[TN122-001]	30	36.560025	-81.709925	Gentry Creek	0.008	0.023	0.961	0.007	0.8-2.3-96.1-0.7
501	TN021	[TN021-001]	30	35.356325	-84.06547	Falls Branch	0.009	0.015	0.024	0.952	0.9-1.5-2.4-95.2
502	TN025	[TN025-001]	20	35.33309	-84.05855	Sugar Cove Branch	0.207	0.044	0.016	0.732	20.7-4.4-1.6-73.2
503	TN065	[TN065-001]	30	36.069215	-82.596455	Ft. Davie Creek	0.058	0.068	0.184	0.690	5.8-6.8-18.4-69
504	TN084	[TN084-001]	30	36.063575	-82.59212	Rocky Fork	0.054	0.044	0.448	0.454	5.4-4.4-44.8-45.4
505	BarboursCreek	[VA02-001]	20	37.595815	-80.087905	Barbours Creek	0.830	0.030	0.012	0.129	83-3-1.2-12.9
506	EwinsRun	[VA03-001]	20	37.539766	-80.293413	Ewins Run	0.822	0.063	0.032	0.083	82.2-6.3-3.2-8.3
507	PicklesBranch	[VA04-001]	20	37.381798	-80.191154	Pickles Branch	0.766	0.157	0.013	0.064	76.6-15.7-1.3-6.4
508	PaulsCreek	[VA15-001]	19	36.644512	-80.695658	Pauls Creek	0.027	0.056	0.911	0.006	2.7-5.6-91.1-0.6
509	PDER1	[WRC344-001]	20	36.1995485	-81.5754174	Elk Creek	0.049	0.017	0.835	0.099	4.9-1.7-83.5-9.9
510	PDER10	[WRC346-001]	18	36.436478	-81.074403	Horse Cove Branch	0.008	0.015	0.948	0.029	0.8-1.5-94.8-2.9
511	PDER11	[WRC347-001]	20	36.1049213	-81.542613	Joes Fork	0.025	0.020	0.884	0.071	2.5-2-88.4-7.1
512	PDER12	[WRC348-001]	20	36.1775762	-81.5366649	Laurel Creek	0.035	0.043	0.894	0.027	3.5-4.3-89.4-2.7
513	PDER13	[WRC349-001]	20	36.2654934	-81.4159139	Little Fork	0.019	0.009	0.963	0.008	1.9-0.9-96.3-0.8
514	PDER14	[WRC350-001]	10	36.449842	-80.943961	Long Creek	0.008	0.192	0.788	0.013	0.8-19.2-78.8-1.3
515	PDER15	[WRC351-001]	19	36.264472	-81.398458	North Prong Lewis Fork	0.027	0.027	0.917	0.028	2.7-2.7-91.7-2.8
516	PDER16	[WRC352-001]	20	36.0942326	-81.6082065	Ooten Creek	0.009	0.012	0.973	0.006	0.9-1.2-97.3-0.6
518	PDER18	[WRC354-001]	20	36.1298035	-81.5893463	Rockhouse Creek	0.052	0.050	0.872	0.026	5.2-5-87.2-2.6
519	PDER19	[WRC355-001]	20	36.1674302	-81.5537206	South Fork Laurel Creek	0.011	0.015	0.965	0.009	1.1-1.5-96.5-0.9
520	PDER2	[WRC358-001]	20	36.3966103	-81.1151767	UT Harris Creek	0.004	0.279	0.712	0.004	0.4-27.9-71.2-0.4
524	PDER23	[WRC357-001]	20	36.448497	-80.961789	Stewart Fork	0.012	0.354	0.590	0.044	1.2-35.4-59-4.4
525	PDER24	[WRC361-001]	20	36.1151725	-81.6361518	UT Yadkin River (@ Caldwell/Watauga Co. line @ SR 1500)	0.010	0.135	0.849	0.005	1-13.5-84.9-0.5
526	PDER25	[D704-001]	26	36.1246884	-81.6368065	Martin Branch	0.012	0.073	0.909	0.007	1.2-7.3-90.9-0.7
527	PDER26	[D705-001]	25	36.1181424	-81.6302791	Yadkin River	0.010	0.055	0.930	0.005	1-5.5-93-0.5
529	PDER3	[WRC360-001]	20	36.4397214	-80.9656906	UT Mitchell River (@ Surry/Alleghany Co. line)	0.006	0.013	0.975	0.005	0.6-1.3-97.5-0.5
530	PDER4	[WRC364-001]	20	36.4198925	-81.1152104	UT Garden Creek	0.009	0.202	0.784	0.005	0.9-20.2-78.4-0.5
531	PDER5	[WRC340-001]	20	36.1235508	-81.5949909	(B) Spanish Oak Branch	0.006	0.029	0.959	0.006	0.6-2.9-95.9-0.6
532	PDER6	[WRC341-001]	20	36.431669	-80.952903	Bear Creek (UT Mitchell R. on Devotion Estate)	0.017	0.189	0.782	0.012	1.7-18.9-78.2-1.2
534	PDER8	[WRC343-001]	20	36.1501125	-81.5394676	Dugger Creek	0.007	0.015	0.974	0.005	0.7-1.5-97.4-0.5
535	PDER9	[WRC345-001]	20	36.3989175	-81.1229172	Harris Creek	0.005	0.295	0.696	0.004	0.5-29.5-69.6-0.4
536	SFStewartsCreek	[VA16-001]	24	36.592978	-80.79188	SF Stewarts Creek	0.007	0.011	0.977	0.006	0.7-1.1-97.7-0.6
537	FridleyGap2010	[AW1-001]	30	38.497356	-78.717291	Mountain Run	0.952	0.017	0.018	0.013	95.2-1.7-1.8-1.3
538	DryRun2010	[AW1-031]	30	38.558933	-79.092305	Dry Run, N.F.	0.953	0.012	0.010	0.024	95.3-1.2-1-2.4
539	SkidmoreFork2010	[AW1-061]	30	38.366106	-79.207234	Skidmore fork North River, N.F.	0.881	0.011	0.016	0.091	88.1-1.1-1.6-9.1
540	ElkCreek2012	[AW1-091]	30	37.56566	-79.48229	East Fork Elk Creek	0.905	0.040	0.020	0.034	90.5-4-2-3.4
541	LittleStonyCreek2013	[AW2-025]	30	38.94517	-78.63751	Little Stony Creek	0.016	0.042	0.923	0.019	1.6-4.2-92.3-1.9
542	LittleWilsonCreek2012	[AW2-055]	21	37.98309	-79.75844	Little Wilson Creek	0.915	0.046	0.016	0.024	91.5-4.6-1.6-2.4
543	NorthForkTyeRiver2012	[AW2-085]	30	37.87248	-79.05521	North Fork Tye River	0.891	0.046	0.011	0.052	89.1-4.6-1.1-5.2
544	NobusinessCreek2013	[AW3-019]	30	37.24217	-80.90196	No Business Creek	0.036	0.054	0.801	0.108	3.6-5.4-80.1-10.8
545	CarrickCreek	[AW4-001]	25	35.033222	-82.702944	Carrick Creek	0.032	0.057	0.454	0.456	3.2-5.7-45.4-45.6
546	EmoryCreek	[AW4-031]	28	35.033139	-82.761028	Emory Creek	0.022	0.179	0.542	0.257	2.2-17.9-54.2-25.7
547	FallsCreek	[AW4-061]	30	35.143528	-82.538944	Falls Creek	0.018	0.622	0.239	0.120	1.8-62.2-23.9-12
548	MathewsCreek	[AW4-091]	21	35.101444	-82.666	Matthews Creek	0.038	0.053	0.052	0.858	3.8-5.3-5.2-85.8
549	D707	[D707-001]	20	36.293816	-81.602125	UT South Fork New River	0.010	0.010	0.971	0.009	1-1-97.1-0.9
550	D708	[D708-001]	54	36.27005	-81.45564	UT West Fork Pine Swamp Creek	0.030	0.083	0.868	0.019	3-8.3-86.8-1.9
551	D709	[D709-001]	54	36.26992	-81.45647	West Fork Pine Swamp Creek	0.015	0.032	0.938	0.016	1.5-3.2-93.8-1.6
553	D711	[D711-001]	48	36.289919	-81.43763	East Fork Pine Swamp Creek	0.010	0.016	0.966	0.009	1-1.6-96.6-0.9
554	POAR1	[POAR1-01]	50	39.6659	-77.5459	Edgemont Reservoir	0.970	0.011	0.010	0.009	97-1.1-1-0.9
555	POCA1	[POCA1-001]	23	39.1218	-78.5043	Hawk Run	0.909	0.040	0.016	0.036	90.9-4-1.6-3.6
556	PONB1	[PONB1-01]	49	39.56505	-79.1526	Big Run	0.904	0.013	0.070	0.013	90.4-1.3-7-1.3
557	PONB10	[MD35-001]	50	39.565446	-79.107979	Mainstem Savage River	0.931	0.022	0.034	0.014	93.1-2.2-3.4-1.4
558	PONB11	[MD36-001]	50	39.586382	-79.095378	Poplar Lick	0.924	0.030	0.032	0.015	92.4-3-3.2-1.5
559	PONB12	[MD37-001]	50	39.62059	-79.066713	Blue Lick	0.947	0.015	0.020	0.018	94.7-1.5-2-1.8
560	PONB2	[PONB2-01]	49	39.60631	-79.12489	Poplar Lick	0.918	0.020	0.053	0.009	91.8-2-5.3-0.9
561	PONB3	[PONB3-01]	49	39.51775	-79.16868	Middle Fork Crabtree Creek	0.905	0.037	0.024	0.034	90.5-3.7-2.4-3.4
562	PONB4	[PONB4-01]	50	39.37217	-79.25085	Lostland Run	0.903	0.047	0.028	0.022	90.3-4.7-2.8-2.2
563	PONB5	[PONB5-01]	48	39.26321	-79.38213	Hindleg Run	0.949	0.031	0.009	0.011	94.9-3.1-0.9-1.1
564	PONB6	[PONB6-01]	50	39.52621	-79.04156	Mill Run	0.957	0.015	0.021	0.007	95.7-1.5-2.1-0.7
565	PONB7	[PONB7-001]	30	39.27408	-79.31303	Difficult Creek	0.883	0.032	0.054	0.031	88.3-3.2-5.4-3.1
566	PONB8	[PONB8-001]	29	39.6443	-78.9357	Sand Spring Run	0.784	0.021	0.035	0.159	78.4-2.1-3.5-15.9
567	PONB9	[MD34-001]	50	39.594986	-79.051875	Little Savage River	0.919	0.026	0.042	0.013	91.9-2.6-4.2-1.3
568	POSB1	[POSB1-001]	49	38.6474	-79.5013	Teter Camp Run	0.913	0.022	0.027	0.039	91.3-2.2-2.7-3.9
569	POSB2	[POSB2-01]	25	38.8696	-79.4718	Horse Camp Run	0.931	0.029	0.026	0.014	93.1-2.9-2.6-1.4
570	POSB3	[POSB3-001]	23	38.8793	-79.3423	Sawmill Run	0.868	0.011	0.080	0.042	86.8-1.1-8-4.2
571	POSB4	[POSB4-001]	27	38.8789	-79.34	Powdermill Run	0.953	0.012	0.018	0.017	95.3-1.2-1.8-1.7
572	POSB5	[POSB5-001]	20	38.9092	-79.3258	Zeke Run	0.973	0.007	0.006	0.014	97.3-0.7-0.6-1.4
573	POSB6	[POSB6-001]	30	39.2597	-78.7537	Mill Run	0.922	0.016	0.047	0.015	92.2-1.6-4.7-1.5
574	POSB7	[POSB7-001]	30	38.9359	-79.3071	High Ridge Run	0.875	0.064	0.044	0.016	87.5-6.4-4.4-1.6
575	POSB8	[POSB8-001]	30	38.9718	-79.2837	Samuel Run	0.945	0.022	0.012	0.022	94.5-2.2-1.2-2.2
577	POSH10	[POSH10-001]	100	38.2685	-78.7011	Big Run	0.975	0.010	0.008	0.007	97.5-1-0.8-0.7
578	POSH11	[POSH11-001]	50	38.3127	-78.6305	U. Hawksbill Creek	0.933	0.045	0.013	0.010	93.3-4.5-1.3-1
579	POSH12	[POSH12-01]	48	38.3685	-78.5602	Lee Run	0.984	0.007	0.004	0.006	98.4-0.7-0.4-0.6
580	POSH13	[POSH13-02]	43	38.3326	-78.5982	Eaton Hollow	0.958	0.018	0.006	0.018	95.8-1.8-0.6-1.8
581	POSH14	[POSH14-01]	29	38.6329	-78.3432	Dry Run, N.F.	0.729	0.195	0.035	0.040	72.9-19.5-3.5-4
583	POSH16	[POSH16-01]	50	38.4318	-78.5374	S. Br. Naked Creek -1	0.961	0.011	0.005	0.024	96.1-1.1-0.5-2.4
584	POSH17	[POSH17-01]	50	38.4209	-78.5202	S. Br. Naked Creek -2	0.970	0.009	0.005	0.005	97-0.9-0.5-0.5
585	POSH18	[POSH18-001]	50	38.4886	-78.4988	W. Br. Naked Creek	0.966	0.010	0.005	0.019	96.6-1-0.5-1.9
586	POSH19	[POSH19-001]	50	38.4935	-78.4595	E. Br. Naked Creek	0.981	0.009	0.005	0.005	98.1-0.9-0.5-0.5
588	POSH20	[POSH20-01]	38	38.4633	-78.4955	Big Creek	0.970	0.009	0.006	0.016	97-0.9-0.6-1.6
589	POSH21	[POSH21-01]	33	38.5021	-78.5127	Harris Cove	0.973	0.006	0.005	0.017	97.3-0.6-0.5-1.7
590	POSH22	[POSH22-01]	25	38.5087	-78.5398	Fultz Run	0.960	0.018	0.008	0.014	96-1.8-0.8-1.4
591	POSH23	[POSH23-01]	49	38.5198	-78.4459	Lewis Spring Branch	0.953	0.032	0.006	0.010	95.3-3.2-0.6-1
592	POSH24	[POSH24-001]	50	38.5456	-78.4286	Little Hawksbill Creek	0.817	0.103	0.038	0.041	81.7-10.3-3.8-4.1
593	POSH25	[POSH25-01]	50	38.5524	-78.4134	Big Fill Hollow	0.677	0.124	0.036	0.162	67.7-12.4-3.6-16.2
594	POSH26	[POSH26-001]	50	38.5621	-78.3903	East Hawksbill Creek	0.545	0.431	0.018	0.006	54.5-43.1-1.8-0.6
595	POSH27	[POSH27-01]	50	38.6057	-78.3806	S. Fork Dry Run	0.938	0.036	0.017	0.009	93.8-3.6-1.7-0.9
596	POSH28	[POSH28-001]	35	38.6519	-78.3551	Pass Run	0.889	0.024	0.010	0.077	88.9-2.4-1-7.7
598	POSH3	[POSH3-001]	50	38.1596	-78.7912	Meadow Run	0.969	0.015	0.006	0.010	96.9-1.5-0.6-1
599	POSH30	[POSH30-001]	50	38.7523	-78.3092	Jeremy's Run	0.964	0.015	0.010	0.011	96.4-1.5-1-1.1
600	POSH31	[POSH31-01]	50	38.7776	-78.3323	Heiskell Hollow	0.946	0.013	0.010	0.032	94.6-1.3-1-3.2
601	POSH32	[POSH32-01]	50	38.7838	-78.3014	Overall Run	0.961	0.019	0.010	0.010	96.1-1.9-1-1
604	POSH35	[POSH35-01]	41	38.7726	-78.2678	Greasy Run, site 2	0.739	0.018	0.007	0.236	73.9-1.8-0.7-23.6
605	POSH36	[POSH36-01]	50	38.7752	-78.2472	Gooney Run	0.901	0.014	0.012	0.074	90.1-1.4-1.2-7.4
607	POSH38	[POSH38-01]	40	38.8278	-78.1881	Lands Run	0.826	0.013	0.014	0.147	82.6-1.3-1.4-14.7
608	POSH39	[POSH39-001]	30	38.7985	-78.8679	Capon Run	0.872	0.009	0.009	0.110	87.2-0.9-0.9-11
609	POSH4	[POSH4-001]	49	38.2098	-78.7519	Paine Run	0.975	0.011	0.007	0.007	97.5-1.1-0.7-0.7
610	POSH40	[SH66-001]	25	38.13821	-78.80693	Big Mine Branch	0.951	0.015	0.020	0.014	95.1-1.5-2-1.4
611	POSH41	[SH70-001]	30	38.6279	-78.35774	Dry Run, N.F.	0.687	0.257	0.033	0.023	68.7-25.7-3.3-2.3
612	POSH42	[SH71-001]	30	38.56708	-78.39623	East Hawksbill Creek	0.343	0.642	0.008	0.006	34.3-64.2-0.8-0.6
613	POSH43	[SH77-001]	30	38.54181	-78.4257	Little Hawksbill Creek	0.862	0.097	0.029	0.011	86.2-9.7-2.9-1.1
614	POSH44	[SH87-001]	30	38.6129	-78.3781	S. Fork Dry Run	0.935	0.040	0.017	0.008	93.5-4-1.7-0.8
615	POSH45	[SH88-001]	25	38.36557	-78.57957	West Swift Run	0.977	0.012	0.005	0.006	97.7-1.2-0.5-0.6
616	POSH5	[POSH5-001]	25	38.2497	-78.7424	Madison Run	0.927	0.050	0.017	0.006	92.7-5-1.7-0.6
618	POSH8	[POSH8-001]	49	38.3144	-78.6732	Onemile Run	0.981	0.006	0.005	0.008	98.1-0.6-0.5-0.8
619	POSH9	[POSH9-001]	50	38.321	-78.6567	Twomile Run	0.976	0.011	0.005	0.008	97.6-1.1-0.5-0.8
620	JAMR1	[JAMR1-01]	50	38.2417	-78.6889	Doyle's R.	0.705	0.102	0.010	0.183	70.5-10.2-1-18.3
621	JAMR2	[JAMR2-001]	49	38.2069	-78.7266	N. Fork Moorman R.	0.525	0.011	0.009	0.454	52.5-1.1-0.9-45.4
622	JARR1	[JARR1-001]	25	38.3461	-78.5184	Swift Run	0.643	0.008	0.010	0.339	64.3-0.8-1-33.9
623	JARR2	[JARR2-01]	49	38.2794	-78.6402	Ivy Creek	0.894	0.038	0.023	0.045	89.4-3.8-2.3-4.5
624	JARR3	[SH75-001]	25	38.2788	-78.62369	Ivy Creek Tributary	0.963	0.015	0.007	0.015	96.3-1.5-0.7-1.5
625	RAPH1	[RAPH1-01]	50	38.7574	-78.2304	Waterfall Branch	0.799	0.008	0.007	0.185	79.9-0.8-0.7-18.5
626	RAPH10	[RAPH10-001]	50	38.602	-78.3429	Hughes R.	0.088	0.758	0.009	0.145	8.8-75.8-0.9-14.5
627	RAPH11	[RAPH11-051]	73	38.602	-78.3429	Hughes R.	0.070	0.801	0.011	0.118	7-80.1-1.1-11.8
628	RAPH12	[RAPH12-01]	23	38.5746	-78.3305	Brokenback Run	0.078	0.847	0.007	0.068	7.8-84.7-0.7-6.8
629	RAPH13	[RAPH13-01]	44	38.5373	-78.3052	Ragged Run	0.030	0.945	0.005	0.020	3-94.5-0.5-2
630	RAPH14	[SH73-001]	30	38.60539	-78.31641	Hannah Run	0.017	0.835	0.006	0.142	1.7-83.5-0.6-14.2
631	RAPH15	[SH74-001]	30	38.6039	-78.33224	Hughes Trib	0.016	0.964	0.005	0.016	1.6-96.4-0.5-1.6
632	RAPH16	[SH80-001]	30	38.6028	-78.34771	Nicholson Hollow	0.024	0.939	0.006	0.030	2.4-93.9-0.6-3
635	RAPH2	[RAPH2-01]	50	38.7478	-78.2628	Keyser Run	0.664	0.019	0.010	0.307	66.4-1.9-1-30.7
636	RAPH3	[RAPH3-01]	50	38.7132	-78.2785	Piney R.	0.911	0.047	0.016	0.026	91.1-4.7-1.6-2.6
637	RAPH4	[RAPH4-01]	49	38.7016	-78.2894	N. Fork Thornton	0.788	0.040	0.012	0.161	78.8-4-1.2-16.1
638	RAPH5	[RAPH5-51]	25	38.6597	-78.286	S. Fork Thornton	0.926	0.012	0.006	0.056	92.6-1.2-0.6-5.6
639	RAPH6	[RAPH6-001]	50	38.6352	-78.278	Hazel R.	0.262	0.075	0.008	0.655	26.2-7.5-0.8-65.5
640	RAPH7	[RAPH7-01]	25	38.6013	-78.285	Broad Hollow Run	0.413	0.016	0.015	0.555	41.3-1.6-1.5-55.5
641	RAPH8	[RAPH8-001]	40	38.6074	-78.3162	Hannah Run	0.025	0.925	0.007	0.043	2.5-92.5-0.7-4.3
642	RAPH9	[RAPH9-041]	25	38.6074	-78.3162	Hannah Run	0.028	0.852	0.009	0.110	2.8-85.2-0.9-11
643	RAPJ1	[RAPJ1-01]	50	38.8264	-78.1595	Indian Run	0.893	0.008	0.006	0.094	89.3-0.8-0.6-9.4
644	RAPJ2	[RAPJ2-001]	50	38.8066	-78.1555	Bolton Branch	0.966	0.009	0.011	0.014	96.6-0.9-1.1-1.4
645	RAPJ3	[RAPJ3-01]	50	38.7729	-78.1659	Jordan R.	0.905	0.008	0.005	0.082	90.5-0.8-0.5-8.2
647	RAPR10	[RAPR10-051]	50	38.4472	-78.3651	Rapidan R.	0.029	0.852	0.007	0.112	2.9-85.2-0.7-11.2
648	RAPR11	[RAPR11-01]	49	38.4666	-78.4428	Conway	0.014	0.975	0.006	0.005	1.4-97.5-0.6-0.5
649	RAPR12	[RAPR12-01]	50	38.4376	-78.4685	Devil's Ditch	0.041	0.877	0.007	0.076	4.1-87.7-0.7-7.6
650	RAPR13	[RAPR13-01]	25	38.4148	-78.4701	Pocosin Hollow Run	0.026	0.963	0.005	0.006	2.6-96.3-0.5-0.6
651	RAPR14	[RAPR14-01]	25	38.3797	-78.5055	South R.	0.104	0.869	0.005	0.022	10.4-86.9-0.5-2.2
652	RAPR15	[SH67-001]	25	38.45095	-78.44411	Bush Mountain Stream	0.010	0.979	0.006	0.005	1-97.9-0.6-0.5
653	RAPR16	[SH68-001]	30	38.54372	-78.37149	Cedar Run	0.008	0.982	0.005	0.005	0.8-98.2-0.5-0.5
654	RAPR17	[SH69-001]	30	38.50457	-78.40163	Dark Hollow	0.019	0.962	0.005	0.014	1.9-96.2-0.5-1.4
655	RAPR18	[SH72-001]	25	38.3916	-78.47795	Entry Run	0.011	0.977	0.008	0.004	1.1-97.7-0.8-0.4
656	RAPR19	[SH76-001]	30	38.48337	-78.43376	Laurel Prong	0.100	0.824	0.011	0.065	10-82.4-1.1-6.5
657	RAPR2	[RAPR2-01]	24	38.5635	-78.3638	White Oak Canyon Run	0.058	0.827	0.010	0.105	5.8-82.7-1-10.5
658	RAPR20	[SH78-001]	30	38.50017	-78.43459	Mill Prong	0.007	0.984	0.005	0.004	0.7-98.4-0.5-0.4
659	RAPR21	[SH79-001]	30	38.5704	-78.35266	Negro Run	0.015	0.975	0.005	0.005	1.5-97.5-0.5-0.5
662	RAPR24	[SH83-001]	30	38.41675	-78.47255	Pocosin Hollow Run	0.028	0.962	0.004	0.006	2.8-96.2-0.4-0.6
663	RAPR25	[SH86-001]	30	38.5346	-78.41011	Rose River	0.012	0.971	0.004	0.012	1.2-97.1-0.4-1.2
664	RAPR26	[SH89-001]	30	38.57729	-78.37114	White Oak Canyon Run	0.017	0.969	0.008	0.007	1.7-96.9-0.8-0.7
665	RAPR3	[RAPR3-01]	25	38.5471	-78.3754	Cedar Run	0.018	0.955	0.008	0.019	1.8-95.5-0.8-1.9
666	RAPR4	[RAPR4-001]	50	38.533	-78.4093	Rose R.	0.029	0.948	0.008	0.015	2.9-94.8-0.8-1.5
667	RAPR5	[RAPR5-051]	50	38.533	-78.4093	Rose R.	0.023	0.941	0.006	0.030	2.3-94.1-0.6-3
668	RAPR6	[RAPR6-001]	50	38.5227	-78.42	Hogcamp Branch	0.121	0.755	0.008	0.116	12.1-75.5-0.8-11.6
669	RAPR7	[RAPR7-001]	45	38.4644	-78.4115	Staunton R.	0.009	0.974	0.006	0.011	0.9-97.4-0.6-1.1
670	RAPR8	[RAPR8-051]	39	38.4644	-78.4115	Staunton R.	0.007	0.982	0.005	0.006	0.7-98.2-0.5-0.6
671	RAPR9	[RAPR9-001]	50	38.4472	-78.3651	Rapidan R.	0.044	0.854	0.009	0.093	4.4-85.4-0.9-9.3
673	SANR10	[WRC008-001]	20	36.075153	-81.786286	Bucks Timber Creek	0.008	0.007	0.980	0.006	0.8-0.7-98-0.6
675	SANR12	[WRC010-001]	20	35.9847383	-81.856655	Harper Creek	0.115	0.045	0.724	0.116	11.5-4.5-72.4-11.6
676	SANR13	[WRC013-001]	20	36.0941433	-81.6457927	Left Fork Mulberry Creek	0.068	0.074	0.813	0.045	6.8-7.4-81.3-4.5
677	SANR14	[WRC014-001]	20	36.0909312	-81.7941819	Little Wilson Creek	0.005	0.007	0.984	0.004	0.5-0.7-98.4-0.4
678	SANR15	[WRC015-001]	20	36.067003	-81.630581	Mulberry Creek	0.014	0.016	0.963	0.007	1.4-1.6-96.3-0.7
680	SANR17	[WRC017-001]	20	35.9596683	-81.888163	Upper Creek	0.042	0.028	0.618	0.311	4.2-2.8-61.8-31.1
681	SANR18	[WRC018-001]	20	36.0896361	-81.7737879	UT Anthony Creek (@ Headwaters Club)	0.016	0.015	0.957	0.012	1.6-1.5-95.7-1.2
682	SANR19	[WRC020-001]	20	35.9413001	-81.863064	UT Steels Creek (@ USFS Rd. 496)	0.114	0.175	0.421	0.289	11.4-17.5-42.1-28.9
683	SANR2	[WRC011-001]	20	35.596247	-81.706086	Henry Fork	0.009	0.005	0.004	0.982	0.9-0.5-0.4-98.2
684	SANR20	[WRC021-001]	20	36.0894111	-81.8022855	Wilson Creek	0.005	0.009	0.980	0.005	0.5-0.9-98-0.5
686	SANR22	[WRC002-001]	20	35.183939	-82.531411	Uncles Creek (above falls)	0.009	0.007	0.008	0.975	0.9-0.7-0.8-97.5
687	SANR23	[WRC392-001]	36	35.893897	-81.97595	UT Honeycutt Creek	0.013	0.204	0.779	0.005	1.3-20.4-77.9-0.5
690	SANR4	[WRC019-001]	20	35.9573661	-81.9253382	UT Linville River	0.030	0.026	0.896	0.048	3-2.6-89.6-4.8
691	SANR5	[WRC006-001]	20	35.793128	-82.141186	Bee Rock Creek	0.053	0.100	0.841	0.006	5.3-10-84.1-0.6
695	SANR9	[WRC007-001]	20	35.907003	-81.860933	Buck Creek	0.015	0.009	0.008	0.968	1.5-0.9-0.8-96.8
697	SAV_GA1	[GA01-001]	38	34.987823	-83.272426	Ammons Creek	0.008	0.005	0.977	0.009	0.8-0.5-97.7-0.9
698	SAV_GA10	[GA10-001]	30	34.953095	-83.539133	Flat Branch	0.015	0.015	0.963	0.007	1.5-1.5-96.3-0.7
699	SAV_GA12	[GA12-001]	30	34.911669	-83.313096	Tuckaluge Creek	0.017	0.043	0.893	0.047	1.7-4.3-89.3-4.7
700	SAV_GA22	[GA22-001]	30	34.860172	-83.644773	Perry Cove	0.038	0.012	0.544	0.405	3.8-1.2-54.4-40.5
701	SAV_GA23	[GA23-001]	30	34.883037	-83.604608	Lindsey Branch	0.017	0.020	0.956	0.007	1.7-2-95.6-0.7
702	SAV_GA8	[GA08-001]	30	34.869109	-83.622943	North Moccasin Creek	0.062	0.024	0.664	0.251	6.2-2.4-66.4-25.1
704	SAVR10	[WRC265-001]	20	35.0458446	-83.0576443	UT Whitewater River (@Heady Mtn. Gap)	0.040	0.078	0.357	0.525	4-7.8-35.7-52.5
705	SAVR11	[WRC266-001]	16	35.017875	-83.2746057	West Fork Overflow Creek	0.023	0.028	0.133	0.816	2.3-2.8-13.3-81.6
708	SAVR4	[WRC257-001]	20	35.0258694	-83.2390669	East Fork Overflow Creek (above and below Glenn Falls)	0.020	0.031	0.453	0.496	2-3.1-45.3-49.6
709	SAVR5	[WRC258-001]	20	35.0112651	-83.1217918	Glade Creek	0.038	0.010	0.853	0.099	3.8-1-85.3-9.9
710	SAVR6	[WRC259-001]	16	35.16205	-82.928467	Indian Creek	0.023	0.158	0.051	0.768	2.3-15.8-5.1-76.8
712	SAVR8	[WRC263-001]	20	35.0799787	-82.9970572	UT Thompson River (@NC 281 above Reid Creek)	0.023	0.225	0.167	0.586	2.3-22.5-16.7-58.6
714	SC01	[SC01-001]	60	34.962301	-83.097877	King Creek	0.007	0.012	0.975	0.006	0.7-1.2-97.5-0.6
715	SC02	[SC02-001]	60	34.942555	-83.09442	Crane Creek	0.009	0.046	0.937	0.008	0.9-4.6-93.7-0.8
717	IOWR1	[IOWR1-001]	53	43.4179	-91.9378	South Pine Creek	0.041	0.034	0.045	0.879	4.1-3.4-4.5-87.9
718	ISRO1	[ISRO1-001]	28	47.9335	-89.1055	Washington Creek	0.080	0.058	0.037	0.824	8-5.8-3.7-82.4
719	ISRO2	[ISRO2-001]	29	47.9212	-89.0752	Grace Creek	0.100	0.060	0.055	0.785	10-6-5.5-78.5
721	ISRO4	[ISRO4-001]	56	48.1127	-88.5697	Tobin Harbor	0.058	0.088	0.106	0.748	5.8-8.8-10.6-74.8
722	LACR1	[LACR1-001]	50	44.0877	-90.8523	Soper Creek	0.383	0.059	0.107	0.451	38.3-5.9-10.7-45.1
723	NEFS1	[NEFS1-001]	50	46.6565	-53.2144	Freshwater R.	0.008	0.006	0.008	0.978	0.8-0.6-0.8-97.8
724	NEFS2	[NEFS2-001]	36	46.6374	-53.1604	Watern Cove	0.008	0.006	0.013	0.973	0.8-0.6-1.3-97.3
725	NYNS1	[NY18-001]	30	40.863817	-73.200704	Nissequoque Creek	0.049	0.024	0.006	0.921	4.9-2.4-0.6-92.1
726	QUEM1	[QUEM1-001]	50	51.4174	-72.9409	Pepeshquasati R.	0.318	0.141	0.010	0.531	31.8-14.1-1-53.1
727	QUEM2	[QUEM2-001]	43	51.3628	-72.7588	Cheno R.	0.390	0.166	0.010	0.434	39-16.6-1-43.4
728	WISR1	[WISR1-001]	50	43.397	-89.6521	Parfrey's Glen Creek	0.013	0.012	0.015	0.960	1.3-1.2-1.5-96
729	WISR2	[WISR2-001]	49	43.4897	-90.3664	Melancthon Creek	0.278	0.068	0.047	0.606	27.8-6.8-4.7-60.6
730	WISR3	[WISR3-001]	50	43.2845	-90.3306	Ash Creek	0.048	0.015	0.038	0.898	4.8-1.5-3.8-89.8
731	MACS1	[MACS1-001]	81	41.594	-70.5066	Quashnet R., Cape Cod	0.017	0.007	0.006	0.969	1.7-0.7-0.6-96.9
732	MACS2	[MACS2-001]	49	41.5842	-70.5022	Red Brook, Cape Cod	0.014	0.011	0.005	0.970	1.4-1.1-0.5-97
733	MACS3	[MACS3-001]	28	41.6337	-70.4518	Santuit R., Cape Cod	0.014	0.014	0.026	0.946	1.4-1.4-2.6-94.6
734	MACS4	[MACS4-001]	43	41.6245	-70.481	Mashpee R., Cape Cod	0.013	0.009	0.017	0.961	1.3-0.9-1.7-96.1
735	NYLC1	[DS02-001]	30	44.288799	-73.52619	Spruce Mill Brook	0.015	0.010	0.007	0.968	1.5-1-0.7-96.8
736	NYLC2	[DS01-001]	32	44.298636	-73.742629	Styles Brook	0.186	0.027	0.009	0.778	18.6-2.7-0.9-77.8
737	VTLC1	[VTLC1-01]	50	44.1647	-72.8934	Slide Brook	0.012	0.023	0.010	0.955	1.2-2.3-1-95.5
738	VTLC2	[VTLC2-01]	50	43.8135	-72.9649	Kettle Brook	0.027	0.014	0.019	0.940	2.7-1.4-1.9-94
739	VTLM	[VTLM-01]	50	44.7845	-71.995	Bald Mountain Brook	0.026	0.026	0.018	0.931	2.6-2.6-1.8-93.1
740	NYCS1	[NYCS1-001]	40	40.762	-73.1492	Connetquot R.	0.015	0.007	0.004	0.974	1.5-0.7-0.4-97.4
741	NYCS2	[NY18-061]	30	40.771759	-73.156219	Connetquot R.	0.061	0.018	0.007	0.914	6.1-1.8-0.7-91.4
742	NYSS1	[NY18-031]	30	40.772389	-72.993351	Swan River	0.084	0.018	0.009	0.889	8.4-1.8-0.9-88.9
747	HUDR2	[HUDR2-01]	23	41.2902	-73.9943	Timp Brook	0.124	0.020	0.034	0.822	12.4-2-3.4-82.2
749	PASR1	[PASR1-01]	31	41.1571	-74.1386	Torne Brook	0.452	0.007	0.027	0.514	45.2-0.7-2.7-51.4
764	ACAD1	[ACAD1-001]	56	44.2869	-68.3478	Marshall Brook	0.009	0.012	0.005	0.975	0.9-1.2-0.5-97.5
765	ACAD2	[ACAD2-001]	55	44.2691	-68.3514	Lurvey Brook	0.020	0.030	0.010	0.940	2-3-1-94
766	ACAD3	[ACAD3-001]	55	44.314	-68.2246	Hunters Brook	0.008	0.010	0.005	0.976	0.8-1-0.5-97.6
767	ACAD4	[ACAD4-001]	55	44.3099	-68.2445	Stanley Brook	0.007	0.008	0.005	0.980	0.7-0.8-0.5-98
768	ACAD5	[ACAD5-001]	50	44.3177	-68.2557	Jordan Stream	0.010	0.013	0.005	0.971	1-1.3-0.5-97.1
769	ACAD6	[ACAD6-001]	41	44.3164	-68.2874	Hadlock Brook	0.015	0.018	0.005	0.963	1.5-1.8-0.5-96.3
770	CONR4	[CONR4-01]	50	42.8204	-72.969	Lamb Brook	0.013	0.026	0.015	0.946	1.3-2.6-1.5-94.6
771	CONR5	[CONR5-001]	37	42.7453	-72.3089	Brickyard Brook	0.062	0.014	0.009	0.914	6.2-1.4-0.9-91.4
773	CONR7	[CONR7-001]	50	42.639722	-72.988889	Manning Brook	0.012	0.038	0.008	0.942	1.2-3.8-0.8-94.2
774	NYHL	[NYHL-01]	31	43.6004	-74.8187	Horn Lake	0.599	0.137	0.095	0.169	59.9-13.7-9.5-16.9
775	NYLT	[NYLT-01]	42	44.0377	-74.6115	Little Tupper Lake	0.225	0.018	0.009	0.748	22.5-1.8-0.9-74.8
776	NYWP	[NYWP-01]	56	44.331	-74.6272	Windfall Pond	0.336	0.017	0.023	0.623	33.6-1.7-2.3-62.3
777	KENR1	[KENR1-01]	33	45.3877	-69.963	Cold Stream	0.011	0.005	0.007	0.977	1.1-0.5-0.7-97.7
779	KENR3	[KENR3-001]	41	44.9152	-71.0926	Dead Diamond River	0.039	0.021	0.008	0.933	3.9-2.1-0.8-93.3
780	KENR4	[KENR4-001]	27	44.9697	-71.1533	Little Diamond River	0.029	0.017	0.008	0.947	2.9-1.7-0.8-94.7
783	KENR7	[KENR7-01]	33	44.6721	-70.3593	Alder Brook	0.018	0.013	0.010	0.959	1.8-1.3-1-95.9
784	PENR1	[PENR1-01]	30	45.1431	-68.2845	Lord Brook	0.009	0.006	0.005	0.980	0.9-0.6-0.5-98
785	PENR2	[PENR2-01]	59	44.8541	-68.8232	Kenduskeag Stream	0.012	0.007	0.006	0.975	1.2-0.7-0.6-97.5
786	STGE1	[STGE1-01]	30	44.4392	-69.2209	Thompson Brook	0.030	0.009	0.006	0.955	3-0.9-0.6-95.5
788	MERR3	[MERR3-001]	20	42.7217	-71.5525	Flints Brook	0.026	0.018	0.010	0.946	2.6-1.8-1-94.6
789	MERR4	[MERR4-001]	20	42.7978	-71.5511	Witches Brook	0.011	0.011	0.017	0.960	1.1-1.1-1.7-96
790	MERR5	[MERR5-001]	20	42.8114	-71.9175	Meadow Brook	0.014	0.010	0.006	0.970	1.4-1-0.6-97
791	MERR6	[MERR6-001]	19	43.1464	-71.8806	Sand Brook	0.015	0.013	0.006	0.966	1.5-1.3-0.6-96.6
792	PISR1	[PISR1-001]	30	43.1339	-70.9697	Chelsey Brook	0.010	0.008	0.008	0.975	1-0.8-0.8-97.5
793	SACR1	[SACR1-001]	30	43.77	-71.2511	White Brook	0.017	0.021	0.006	0.956	1.7-2.1-0.6-95.6
794	CRLE1	[CRLE1-01]	26	41.5	-81.2804	Leech Stream	0.271	0.045	0.382	0.302	27.1-4.5-38.2-30.2
795	CRLE2	[CRLE2-01]	50	41.563	-81.2187	Woodie Brook	0.199	0.088	0.384	0.329	19.9-8.8-38.4-32.9
796	CRLE3	[CRLE3-01]	59	41.5526	-81.234	Spring Brook	0.185	0.086	0.330	0.399	18.5-8.6-33-39.9
797	OHAR1	[OHAR1-01]	50	42.0363	-78.4609	Two Mile Creek	0.221	0.034	0.646	0.099	22.1-3.4-64.6-9.9
798	OHAR2	[OHAR2-102]	47	41.7532	-78.0554	Allegheny R.	0.207	0.093	0.380	0.320	20.7-9.3-38-32
799	OHAR3	[OHAR3-101]	62	41.2378	-79.3223	Clarion R.	0.219	0.085	0.320	0.376	21.9-8.5-32-37.6
800	PA42_Lower	[PA42-048]	43	41.576103	-77.016626	Salt Spring Run (lower)	0.834	0.040	0.038	0.088	83.4-4-3.8-8.8
801	PA42_Upper	[PA42-091]	33	41.578088	-77.017383	Salt Spring Run (upper)	0.905	0.033	0.024	0.037	90.5-3.3-2.4-3.7
802	Ramsey	[UOG-001]	50	41.28714	-77.32458	Ramsey Run	0.841	0.042	0.051	0.066	84.1-4.2-5.1-6.6
803	Boone	[UOG-051]	50	41.35392	-77.36207	Boone Run	0.906	0.024	0.015	0.055	90.6-2.4-1.5-5.5
804	Dam	[UOG-251]	50	41.32943	-77.34448	Dam Run	0.923	0.034	0.011	0.031	92.3-3.4-1.1-3.1
805	Cedar	[UOG-101]	50	41.61398	-77.50751	Cedar Run	0.905	0.041	0.015	0.038	90.5-4.1-1.5-3.8
806	Sebring	[UOG-151]	29	41.44963	-77.42755	Sebring Branch Mill Run	0.891	0.080	0.018	0.011	89.1-8-1.8-1.1
807	Francis	[UOG-201]	50	41.5527	-77.61581	Francis Branch Slate Run	0.918	0.033	0.023	0.026	91.8-3.3-2.3-2.6
808	CONR1	[CONR1-01]	36	44.4434	-71.3048	Unnamed	0.016	0.023	0.014	0.947	1.6-2.3-1.4-94.7
809	CONR2	[CONR2-01]	40	44.4743	-71.3453	Brandy Brook	0.024	0.056	0.031	0.889	2.4-5.6-3.1-88.9
813	HUDR1	[HUDR1-01]	50	42.7814	-73.1452	Broad Brook	0.019	0.020	0.014	0.947	1.9-2-1.4-94.7
814	MD31	[MD31-001]	50	39.6886	-76.7787	Silver Run	0.158	0.054	0.057	0.731	15.8-5.4-5.7-73.1
815	MD32	[MD32-001]	50	39.8248	-76.778	Walker Run	0.251	0.037	0.037	0.675	25.1-3.7-3.7-67.5
817	SUSR1	[SUSR1-01]	50	40.8982	-78.0105	Smays Run	0.727	0.038	0.038	0.198	72.7-3.8-3.8-19.8
818	SUSR2	[SUSR2-01]	50	40.9334	-78.0128	Benner Run	0.758	0.025	0.056	0.161	75.8-2.5-5.6-16.1
